rel_path,label,speaker_id,gender
Male\Speaker_01\Angry\Angry_01.wav,2,1,0
Male\Speaker_01\Angry\Angry_02.wav,2,1,0
Male\Speaker_01\Angry\Angry_03.wav,2,1,0
Male\Speaker_01\Angry\Angry_04.wav,2,1,0
Male\Speaker_01\Angry\Angry_05.wav,2,1,0
Male\Speaker_01\Angry\Angry_06.wav,2,1,0
Male\Speaker_01\Angry\Angry_07.wav,2,1,0
Male\Speaker_01\Angry\Angry_08.wav,2,1,0
Male\Speaker_01\Angry\Angry_09.wav,2,1,0
Male\Speaker_01\Angry\Angry_10.wav,2,1,0
Male\Speaker_01\Angry\Angry_11.wav,2,1,0
Male\Speaker_01\Angry\Angry_12.wav,2,1,0
Male\Speaker_01\Angry\Angry_13.wav,2,1,0
Male\Speaker_01\Angry\Angry_14.wav,2,1,0
Male\Speaker_01\Angry\Angry_15.wav,2,1,0
Male\Speaker_01\Angry\Angry_16.wav,2,1,0
Male\Speaker_01\Angry\Angry_17.wav,2,1,0
Male\Speaker_01\Angry\Angry_18.wav,2,1,0
Male\Speaker_01\Angry\Angry_19.wav,2,1,0
Male\Speaker_01\Angry\Angry_20.wav,2,1,0
Male\Speaker_01\Angry\Angry_21.wav,2,1,0
Male\Speaker_01\Angry\Angry_22.wav,2,1,0
Male\Speaker_01\Angry\Angry_23.wav,2,1,0
Male\Speaker_01\Angry\Angry_24.wav,2,1,0
Male\Speaker_01\Angry\Angry_25.wav,2,1,0
Male\Speaker_01\Angry\Angry_26.wav,2,1,0
Male\Speaker_01\Angry\Angry_27.wav,2,1,0
Male\Speaker_01\Angry\Angry_28.wav,2,1,0
Male\Speaker_01\Angry\Angry_29.wav,2,1,0
Male\Speaker_01\Angry\Angry_30.wav,2,1,0
Male\Speaker_01\Angry\Angry_31.wav,2,1,0
Male\Speaker_01\Angry\Angry_32.wav,2,1,0
Male\Speaker_01\Angry\Angry_33.wav,2,1,0
Male\Speaker_01\Angry\Angry_34.wav,2,1,0
Male\Speaker_01\Angry\Angry_35.wav,2,1,0
Male\Speaker_01\Angry\Angry_36.wav,2,1,0
Male\Speaker_01\Angry\Angry_37.wav,2,1,0
Male\Speaker_01\Angry\Angry_38.wav,2,1,0
Male\Speaker_01\Angry\Angry_39.wav,2,1,0
Male\Speaker_01\Angry\Angry_40.wav,2,1,0
Male\Speaker_01\Angry\Angry_41.wav,2,1,0
Male\Speaker_01\Angry\Angry_42.wav,2,1,0
Male\Speaker_01\Angry\Angry_43.wav,2,1,0
Male\Speaker_01\Angry\Angry_44.wav,2,1,0
Male\Speaker_01\Angry\Angry_45.wav,2,1,0
Male\Speaker_01\Angry\Angry_46.wav,2,1,0
Male\Speaker_01\Angry\Angry_47.wav,2,1,0
Male\Speaker_01\Angry\Angry_48.wav,2,1,0
Male\Speaker_01\Angry\Angry_49.wav,2,1,0
Male\Speaker_01\Angry\Angry_50.wav,2,1,0
Male\Speaker_01\Angry\Angry_51.wav,2,1,0
Male\Speaker_01\Angry\Angry_52.wav,2,1,0
Male\Speaker_01\Angry\Angry_53.wav,2,1,0
Male\Speaker_01\Angry\Angry_54.wav,2,1,0
Male\Speaker_01\Angry\Angry_55.wav,2,1,0
Male\Speaker_01\Angry\Angry_56.wav,2,1,0
Male\Speaker_01\Angry\Angry_57.wav,2,1,0
Male\Speaker_01\Angry\Angry_58.wav,2,1,0
Male\Speaker_01\Angry\Angry_59.wav,2,1,0
Male\Speaker_01\Angry\Angry_60.wav,2,1,0
Male\Speaker_02\Angry\Angry_01.wav,2,2,0
Male\Speaker_02\Angry\Angry_02.wav,2,2,0
Male\Speaker_02\Angry\Angry_03.wav,2,2,0
Male\Speaker_02\Angry\Angry_04.wav,2,2,0
Male\Speaker_02\Angry\Angry_05.wav,2,2,0
Male\Speaker_02\Angry\Angry_06.wav,2,2,0
Male\Speaker_02\Angry\Angry_07.wav,2,2,0
Male\Speaker_02\Angry\Angry_08.wav,2,2,0
Male\Speaker_02\Angry\Angry_09.wav,2,2,0
Male\Speaker_02\Angry\Angry_10.wav,2,2,0
Male\Speaker_02\Angry\Angry_11.wav,2,2,0
Male\Speaker_02\Angry\Angry_12.wav,2,2,0
Male\Speaker_02\Angry\Angry_13.wav,2,2,0
Male\Speaker_02\Angry\Angry_14.wav,2,2,0
Male\Speaker_02\Angry\Angry_15.wav,2,2,0
Male\Speaker_02\Angry\Angry_16.wav,2,2,0
Male\Speaker_02\Angry\Angry_17.wav,2,2,0
Male\Speaker_02\Angry\Angry_18.wav,2,2,0
Male\Speaker_02\Angry\Angry_19.wav,2,2,0
Male\Speaker_02\Angry\Angry_20.wav,2,2,0
Male\Speaker_02\Angry\Angry_21.wav,2,2,0
Male\Speaker_02\Angry\Angry_22.wav,2,2,0
Male\Speaker_02\Angry\Angry_23.wav,2,2,0
Male\Speaker_02\Angry\Angry_24.wav,2,2,0
Male\Speaker_02\Angry\Angry_25.wav,2,2,0
Male\Speaker_02\Happy\Happy_01.wav,0,2,0
Male\Speaker_02\Happy\Happy_02.wav,0,2,0
Male\Speaker_02\Happy\Happy_03.wav,0,2,0
Male\Speaker_02\Happy\Happy_04.wav,0,2,0
Male\Speaker_02\Happy\Happy_05.wav,0,2,0
Male\Speaker_02\Happy\Happy_06.wav,0,2,0
Male\Speaker_02\Happy\Happy_07.wav,0,2,0
Male\Speaker_02\Happy\Happy_08.wav,0,2,0
Male\Speaker_02\Happy\Happy_09.wav,0,2,0
Male\Speaker_02\Happy\Happy_10.wav,0,2,0
Male\Speaker_02\Happy\Happy_11.wav,0,2,0
Male\Speaker_02\Happy\Happy_12.wav,0,2,0
Male\Speaker_02\Happy\Happy_13.wav,0,2,0
Male\Speaker_02\Happy\Happy_14.wav,0,2,0
Male\Speaker_02\Happy\Happy_15.wav,0,2,0
Male\Speaker_02\Happy\Happy_16.wav,0,2,0
Male\Speaker_02\Happy\Happy_17.wav,0,2,0
Male\Speaker_02\Happy\Happy_18.wav,0,2,0
Male\Speaker_02\Happy\Happy_19.wav,0,2,0
Male\Speaker_02\Happy\Happy_20.wav,0,2,0
Male\Speaker_02\Happy\Happy_21.wav,0,2,0
Male\Speaker_02\Happy\Happy_22.wav,0,2,0
Male\Speaker_02\Happy\Happy_23.wav,0,2,0
Male\Speaker_02\Happy\Happy_24.wav,0,2,0
Male\Speaker_02\Happy\Happy_25.wav,0,2,0
Male\Speaker_02\Neutral\Neutral_01.wav,3,2,0
Male\Speaker_02\Neutral\Neutral_02.wav,3,2,0
Male\Speaker_02\Neutral\Neutral_03.wav,3,2,0
Male\Speaker_02\Neutral\Neutral_04.wav,3,2,0
Male\Speaker_02\Neutral\Neutral_05.wav,3,2,0
Male\Speaker_02\Neutral\Neutral_06.wav,3,2,0
Male\Speaker_02\Neutral\Neutral_07.wav,3,2,0
Male\Speaker_02\Neutral\Neutral_08.wav,3,2,0
Male\Speaker_02\Neutral\Neutral_09.wav,3,2,0
Male\Speaker_02\Neutral\Neutral_10.wav,3,2,0
Male\Speaker_02\Neutral\Neutral_11.wav,3,2,0
Male\Speaker_02\Neutral\Neutral_12.wav,3,2,0
Male\Speaker_02\Neutral\Neutral_13.wav,3,2,0
Male\Speaker_02\Neutral\Neutral_14.wav,3,2,0
Male\Speaker_02\Neutral\Neutral_15.wav,3,2,0
Male\Speaker_02\Neutral\Neutral_16.wav,3,2,0
Male\Speaker_02\Neutral\Neutral_17.wav,3,2,0
Male\Speaker_02\Neutral\Neutral_18.wav,3,2,0
Male\Speaker_02\Neutral\Neutral_19.wav,3,2,0
Male\Speaker_02\Neutral\Neutral_20.wav,3,2,0
Male\Speaker_02\Neutral\Neutral_21.wav,3,2,0
Male\Speaker_02\Neutral\Neutral_22.wav,3,2,0
Male\Speaker_02\Neutral\Neutral_23.wav,3,2,0
Male\Speaker_02\Neutral\Neutral_24.wav,3,2,0
Male\Speaker_02\Neutral\Neutral_25.wav,3,2,0
Male\Speaker_02\Sad\Sad_01.wav,1,2,0
Male\Speaker_02\Sad\Sad_02.wav,1,2,0
Male\Speaker_02\Sad\Sad_03.wav,1,2,0
Male\Speaker_02\Sad\Sad_04.wav,1,2,0
Male\Speaker_02\Sad\Sad_05.wav,1,2,0
Male\Speaker_02\Sad\Sad_06.wav,1,2,0
Male\Speaker_02\Sad\Sad_07.wav,1,2,0
Male\Speaker_02\Sad\Sad_08.wav,1,2,0
Male\Speaker_02\Sad\Sad_09.wav,1,2,0
Male\Speaker_02\Sad\Sad_10.wav,1,2,0
Male\Speaker_02\Sad\Sad_11.wav,1,2,0
Male\Speaker_02\Sad\Sad_12.wav,1,2,0
Male\Speaker_02\Sad\Sad_13.wav,1,2,0
Male\Speaker_02\Sad\Sad_14.wav,1,2,0
Male\Speaker_02\Sad\Sad_15.wav,1,2,0
Male\Speaker_02\Sad\Sad_16.wav,1,2,0
Male\Speaker_02\Sad\Sad_17.wav,1,2,0
Male\Speaker_02\Sad\Sad_18.wav,1,2,0
Male\Speaker_02\Sad\Sad_19.wav,1,2,0
Male\Speaker_02\Sad\Sad_20.wav,1,2,0
Male\Speaker_02\Sad\Sad_21.wav,1,2,0
Male\Speaker_02\Sad\Sad_22.wav,1,2,0
Male\Speaker_02\Sad\Sad_23.wav,1,2,0
Male\Speaker_02\Sad\Sad_24.wav,1,2,0
Male\Speaker_02\Sad\Sad_25.wav,1,2,0
Male\Speaker_03\Angry\Angry_01.wav,2,3,0
Male\Speaker_03\Angry\Angry_02.wav,2,3,0
Male\Speaker_03\Angry\Angry_03.wav,2,3,0
Male\Speaker_03\Angry\Angry_04.wav,2,3,0
Male\Speaker_03\Angry\Angry_05.wav,2,3,0
Male\Speaker_03\Angry\Angry_06.wav,2,3,0
Male\Speaker_03\Angry\Angry_07.wav,2,3,0
Male\Speaker_03\Angry\Angry_08.wav,2,3,0
Male\Speaker_03\Angry\Angry_09.wav,2,3,0
Male\Speaker_03\Angry\Angry_10.wav,2,3,0
Male\Speaker_03\Angry\Angry_11.wav,2,3,0
Male\Speaker_03\Angry\Angry_12.wav,2,3,0
Male\Speaker_03\Angry\Angry_13.wav,2,3,0
Male\Speaker_03\Angry\Angry_14.wav,2,3,0
Male\Speaker_03\Angry\Angry_15.wav,2,3,0
Male\Speaker_03\Angry\Angry_16.wav,2,3,0
Male\Speaker_03\Angry\Angry_17.wav,2,3,0
Male\Speaker_03\Angry\Angry_18.wav,2,3,0
Male\Speaker_03\Angry\Angry_19.wav,2,3,0
Male\Speaker_03\Angry\Angry_20.wav,2,3,0
Male\Speaker_03\Angry\Angry_21.wav,2,3,0
Male\Speaker_03\Angry\Angry_22.wav,2,3,0
Male\Speaker_03\Angry\Angry_23.wav,2,3,0
Male\Speaker_03\Angry\Angry_24.wav,2,3,0
Male\Speaker_03\Angry\Angry_25.wav,2,3,0
Male\Speaker_03\Happy\Happy_01.wav,0,3,0
Male\Speaker_03\Happy\Happy_02.wav,0,3,0
Male\Speaker_03\Happy\Happy_03.wav,0,3,0
Male\Speaker_03\Happy\Happy_04.wav,0,3,0
Male\Speaker_03\Happy\Happy_05.wav,0,3,0
Male\Speaker_03\Happy\Happy_06.wav,0,3,0
Male\Speaker_03\Happy\Happy_07.wav,0,3,0
Male\Speaker_03\Happy\Happy_08.wav,0,3,0
Male\Speaker_03\Happy\Happy_09.wav,0,3,0
Male\Speaker_03\Happy\Happy_10.wav,0,3,0
Male\Speaker_03\Happy\Happy_11.wav,0,3,0
Male\Speaker_03\Happy\Happy_12.wav,0,3,0
Male\Speaker_03\Happy\Happy_13.wav,0,3,0
Male\Speaker_03\Happy\Happy_14.wav,0,3,0
Male\Speaker_03\Happy\Happy_15.wav,0,3,0
Male\Speaker_03\Happy\Happy_16.wav,0,3,0
Male\Speaker_03\Happy\Happy_17.wav,0,3,0
Male\Speaker_03\Happy\Happy_18.wav,0,3,0
Male\Speaker_03\Happy\Happy_19.wav,0,3,0
Male\Speaker_03\Happy\Happy_20.wav,0,3,0
Male\Speaker_03\Happy\Happy_21.wav,0,3,0
Male\Speaker_03\Happy\Happy_22.wav,0,3,0
Male\Speaker_03\Happy\Happy_23.wav,0,3,0
Male\Speaker_03\Happy\Happy_24.wav,0,3,0
Male\Speaker_03\Happy\Happy_25.wav,0,3,0
Male\Speaker_03\Neutral\Neutral_01.wav,3,3,0
Male\Speaker_03\Neutral\Neutral_02.wav,3,3,0
Male\Speaker_03\Neutral\Neutral_03.wav,3,3,0
Male\Speaker_03\Neutral\Neutral_04.wav,3,3,0
Male\Speaker_03\Neutral\Neutral_05.wav,3,3,0
Male\Speaker_03\Neutral\Neutral_06.wav,3,3,0
Male\Speaker_03\Neutral\Neutral_07.wav,3,3,0
Male\Speaker_03\Neutral\Neutral_08.wav,3,3,0
Male\Speaker_03\Neutral\Neutral_09.wav,3,3,0
Male\Speaker_03\Neutral\Neutral_10.wav,3,3,0
Male\Speaker_03\Neutral\Neutral_11.wav,3,3,0
Male\Speaker_03\Neutral\Neutral_12.wav,3,3,0
Male\Speaker_03\Neutral\Neutral_13.wav,3,3,0
Male\Speaker_03\Neutral\Neutral_14.wav,3,3,0
Male\Speaker_03\Neutral\Neutral_15.wav,3,3,0
Male\Speaker_03\Neutral\Neutral_16.wav,3,3,0
Male\Speaker_03\Neutral\Neutral_17.wav,3,3,0
Male\Speaker_03\Neutral\Neutral_18.wav,3,3,0
Male\Speaker_03\Neutral\Neutral_19.wav,3,3,0
Male\Speaker_03\Neutral\Neutral_20.wav,3,3,0
Male\Speaker_03\Neutral\Neutral_21.wav,3,3,0
Male\Speaker_03\Neutral\Neutral_22.wav,3,3,0
Male\Speaker_03\Neutral\Neutral_23.wav,3,3,0
Male\Speaker_03\Neutral\Neutral_24.wav,3,3,0
Male\Speaker_03\Neutral\Neutral_25.wav,3,3,0
Male\Speaker_03\Sad\Sad_01.wav,1,3,0
Male\Speaker_03\Sad\Sad_02.wav,1,3,0
Male\Speaker_03\Sad\Sad_03.wav,1,3,0
Male\Speaker_03\Sad\Sad_04.wav,1,3,0
Male\Speaker_03\Sad\Sad_05.wav,1,3,0
Male\Speaker_03\Sad\Sad_06.wav,1,3,0
Male\Speaker_03\Sad\Sad_07.wav,1,3,0
Male\Speaker_03\Sad\Sad_08.wav,1,3,0
Male\Speaker_03\Sad\Sad_09.wav,1,3,0
Male\Speaker_03\Sad\Sad_10.wav,1,3,0
Male\Speaker_03\Sad\Sad_11.wav,1,3,0
Male\Speaker_03\Sad\Sad_12.wav,1,3,0
Male\Speaker_03\Sad\Sad_13.wav,1,3,0
Male\Speaker_03\Sad\Sad_14.wav,1,3,0
Male\Speaker_03\Sad\Sad_15.wav,1,3,0
Male\Speaker_03\Sad\Sad_16.wav,1,3,0
Male\Speaker_03\Sad\Sad_17.wav,1,3,0
Male\Speaker_03\Sad\Sad_18.wav,1,3,0
Male\Speaker_03\Sad\Sad_19.wav,1,3,0
Male\Speaker_03\Sad\Sad_20.wav,1,3,0
Male\Speaker_03\Sad\Sad_21.wav,1,3,0
Male\Speaker_03\Sad\Sad_22.wav,1,3,0
Male\Speaker_03\Sad\Sad_23.wav,1,3,0
Male\Speaker_03\Sad\Sad_24.wav,1,3,0
Male\Speaker_03\Sad\Sad_25.wav,1,3,0
Male\Speaker_04\Angry\Angry_01.wav,2,4,0
Male\Speaker_04\Angry\Angry_02.wav,2,4,0
Male\Speaker_04\Angry\Angry_03.wav,2,4,0
Male\Speaker_04\Angry\Angry_04.wav,2,4,0
Male\Speaker_04\Angry\Angry_05.wav,2,4,0
Male\Speaker_04\Angry\Angry_06.wav,2,4,0
Male\Speaker_04\Angry\Angry_07.wav,2,4,0
Male\Speaker_04\Angry\Angry_08.wav,2,4,0
Male\Speaker_04\Angry\Angry_09.wav,2,4,0
Male\Speaker_04\Angry\Angry_10.wav,2,4,0
Male\Speaker_04\Angry\Angry_11.wav,2,4,0
Male\Speaker_04\Angry\Angry_12.wav,2,4,0
Male\Speaker_04\Angry\Angry_13.wav,2,4,0
Male\Speaker_04\Angry\Angry_14.wav,2,4,0
Male\Speaker_04\Angry\Angry_15.wav,2,4,0
Male\Speaker_04\Angry\Angry_16.wav,2,4,0
Male\Speaker_04\Angry\Angry_17.wav,2,4,0
Male\Speaker_04\Angry\Angry_18.wav,2,4,0
Male\Speaker_04\Angry\Angry_19.wav,2,4,0
Male\Speaker_04\Angry\Angry_20.wav,2,4,0
Male\Speaker_04\Angry\Angry_21.wav,2,4,0
Male\Speaker_04\Angry\Angry_22.wav,2,4,0
Male\Speaker_04\Angry\Angry_23.wav,2,4,0
Male\Speaker_04\Angry\Angry_24.wav,2,4,0
Male\Speaker_04\Angry\Angry_25.wav,2,4,0
Male\Speaker_04\Happy\Happy_01.wav,0,4,0
Male\Speaker_04\Happy\Happy_02.wav,0,4,0
Male\Speaker_04\Happy\Happy_03.wav,0,4,0
Male\Speaker_04\Happy\Happy_04.wav,0,4,0
Male\Speaker_04\Happy\Happy_05.wav,0,4,0
Male\Speaker_04\Happy\Happy_06.wav,0,4,0
Male\Speaker_04\Happy\Happy_07.wav,0,4,0
Male\Speaker_04\Happy\Happy_08.wav,0,4,0
Male\Speaker_04\Happy\Happy_09.wav,0,4,0
Male\Speaker_04\Happy\Happy_10.wav,0,4,0
Male\Speaker_04\Happy\Happy_11.wav,0,4,0
Male\Speaker_04\Happy\Happy_12.wav,0,4,0
Male\Speaker_04\Happy\Happy_13.wav,0,4,0
Male\Speaker_04\Happy\Happy_14.wav,0,4,0
Male\Speaker_04\Happy\Happy_15.wav,0,4,0
Male\Speaker_04\Happy\Happy_16.wav,0,4,0
Male\Speaker_04\Happy\Happy_17.wav,0,4,0
Male\Speaker_04\Happy\Happy_18.wav,0,4,0
Male\Speaker_04\Happy\Happy_19.wav,0,4,0
Male\Speaker_04\Happy\Happy_20.wav,0,4,0
Male\Speaker_04\Happy\Happy_21.wav,0,4,0
Male\Speaker_04\Happy\Happy_22.wav,0,4,0
Male\Speaker_04\Happy\Happy_23.wav,0,4,0
Male\Speaker_04\Happy\Happy_24.wav,0,4,0
Male\Speaker_04\Happy\Happy_25.wav,0,4,0
Male\Speaker_04\Neutral\Neutral_01.wav,3,4,0
Male\Speaker_04\Neutral\Neutral_02.wav,3,4,0
Male\Speaker_04\Neutral\Neutral_03.wav,3,4,0
Male\Speaker_04\Neutral\Neutral_04.wav,3,4,0
Male\Speaker_04\Neutral\Neutral_05.wav,3,4,0
Male\Speaker_04\Neutral\Neutral_06.wav,3,4,0
Male\Speaker_04\Neutral\Neutral_07.wav,3,4,0
Male\Speaker_04\Neutral\Neutral_08.wav,3,4,0
Male\Speaker_04\Neutral\Neutral_09.wav,3,4,0
Male\Speaker_04\Neutral\Neutral_10.wav,3,4,0
Male\Speaker_04\Neutral\Neutral_11.wav,3,4,0
Male\Speaker_04\Neutral\Neutral_12.wav,3,4,0
Male\Speaker_04\Neutral\Neutral_13.wav,3,4,0
Male\Speaker_04\Neutral\Neutral_14.wav,3,4,0
Male\Speaker_04\Neutral\Neutral_15.wav,3,4,0
Male\Speaker_04\Neutral\Neutral_16.wav,3,4,0
Male\Speaker_04\Neutral\Neutral_17.wav,3,4,0
Male\Speaker_04\Neutral\Neutral_18.wav,3,4,0
Male\Speaker_04\Neutral\Neutral_19.wav,3,4,0
Male\Speaker_04\Neutral\Neutral_20.wav,3,4,0
Male\Speaker_04\Neutral\Neutral_21.wav,3,4,0
Male\Speaker_04\Neutral\Neutral_22.wav,3,4,0
Male\Speaker_04\Neutral\Neutral_23.wav,3,4,0
Male\Speaker_04\Neutral\Neutral_24.wav,3,4,0
Male\Speaker_04\Neutral\Neutral_25.wav,3,4,0
Male\Speaker_04\Sad\Sad_01.wav,1,4,0
Male\Speaker_04\Sad\Sad_02.wav,1,4,0
Male\Speaker_04\Sad\Sad_03.wav,1,4,0
Male\Speaker_04\Sad\Sad_04.wav,1,4,0
Male\Speaker_04\Sad\Sad_05.wav,1,4,0
Male\Speaker_04\Sad\Sad_06.wav,1,4,0
Male\Speaker_04\Sad\Sad_07.wav,1,4,0
Male\Speaker_04\Sad\Sad_08.wav,1,4,0
Male\Speaker_04\Sad\Sad_09.wav,1,4,0
Male\Speaker_04\Sad\Sad_10.wav,1,4,0
Male\Speaker_04\Sad\Sad_11.wav,1,4,0
Male\Speaker_04\Sad\Sad_12.wav,1,4,0
Male\Speaker_04\Sad\Sad_13.wav,1,4,0
Male\Speaker_04\Sad\Sad_14.wav,1,4,0
Male\Speaker_04\Sad\Sad_15.wav,1,4,0
Male\Speaker_04\Sad\Sad_16.wav,1,4,0
Male\Speaker_04\Sad\Sad_17.wav,1,4,0
Male\Speaker_04\Sad\Sad_18.wav,1,4,0
Male\Speaker_04\Sad\Sad_19.wav,1,4,0
Male\Speaker_04\Sad\Sad_20.wav,1,4,0
Male\Speaker_04\Sad\Sad_21.wav,1,4,0
Male\Speaker_04\Sad\Sad_22.wav,1,4,0
Male\Speaker_04\Sad\Sad_23.wav,1,4,0
Male\Speaker_04\Sad\Sad_24.wav,1,4,0
Male\Speaker_04\Sad\Sad_25.wav,1,4,0
Male\Speaker_05\Angry\Angry_01.wav,2,5,0
Male\Speaker_05\Angry\Angry_02.wav,2,5,0
Male\Speaker_05\Angry\Angry_03.wav,2,5,0
Male\Speaker_05\Angry\Angry_04.wav,2,5,0
Male\Speaker_05\Angry\Angry_05.wav,2,5,0
Male\Speaker_05\Angry\Angry_06.wav,2,5,0
Male\Speaker_05\Angry\Angry_07.wav,2,5,0
Male\Speaker_05\Angry\Angry_08.wav,2,5,0
Male\Speaker_05\Angry\Angry_09.wav,2,5,0
Male\Speaker_05\Angry\Angry_10.wav,2,5,0
Male\Speaker_05\Angry\Angry_11.wav,2,5,0
Male\Speaker_05\Angry\Angry_12.wav,2,5,0
Male\Speaker_05\Angry\Angry_13.wav,2,5,0
Male\Speaker_05\Angry\Angry_14.wav,2,5,0
Male\Speaker_05\Angry\Angry_15.wav,2,5,0
Male\Speaker_05\Angry\Angry_16.wav,2,5,0
Male\Speaker_05\Angry\Angry_17.wav,2,5,0
Male\Speaker_05\Angry\Angry_18.wav,2,5,0
Male\Speaker_05\Angry\Angry_19.wav,2,5,0
Male\Speaker_05\Angry\Angry_20.wav,2,5,0
Male\Speaker_05\Angry\Angry_21.wav,2,5,0
Male\Speaker_05\Angry\Angry_22.wav,2,5,0
Male\Speaker_05\Angry\Angry_23.wav,2,5,0
Male\Speaker_05\Angry\Angry_24.wav,2,5,0
Male\Speaker_05\Happy\Happy_01.wav,0,5,0
Male\Speaker_05\Happy\Happy_02.wav,0,5,0
Male\Speaker_05\Happy\Happy_03.wav,0,5,0
Male\Speaker_05\Happy\Happy_04.wav,0,5,0
Male\Speaker_05\Happy\Happy_05.wav,0,5,0
Male\Speaker_05\Happy\Happy_06.wav,0,5,0
Male\Speaker_05\Happy\Happy_07.wav,0,5,0
Male\Speaker_05\Happy\Happy_08.wav,0,5,0
Male\Speaker_05\Happy\Happy_09.wav,0,5,0
Male\Speaker_05\Happy\Happy_10.wav,0,5,0
Male\Speaker_05\Happy\Happy_11.wav,0,5,0
Male\Speaker_05\Happy\Happy_12.wav,0,5,0
Male\Speaker_05\Happy\Happy_13.wav,0,5,0
Male\Speaker_05\Happy\Happy_14.wav,0,5,0
Male\Speaker_05\Happy\Happy_15.wav,0,5,0
Male\Speaker_05\Happy\Happy_16.wav,0,5,0
Male\Speaker_05\Happy\Happy_17.wav,0,5,0
Male\Speaker_05\Happy\Happy_18.wav,0,5,0
Male\Speaker_05\Happy\Happy_19.wav,0,5,0
Male\Speaker_05\Happy\Happy_20.wav,0,5,0
Male\Speaker_05\Happy\Happy_21.wav,0,5,0
Male\Speaker_05\Happy\Happy_22.wav,0,5,0
Male\Speaker_05\Happy\Happy_23.wav,0,5,0
Male\Speaker_05\Happy\Happy_24.wav,0,5,0
Male\Speaker_05\Happy\Happy_25.wav,0,5,0
Male\Speaker_05\Neutral\Neutral_01.wav,3,5,0
Male\Speaker_05\Neutral\Neutral_02.wav,3,5,0
Male\Speaker_05\Neutral\Neutral_03.wav,3,5,0
Male\Speaker_05\Neutral\Neutral_04.wav,3,5,0
Male\Speaker_05\Neutral\Neutral_05.wav,3,5,0
Male\Speaker_05\Neutral\Neutral_06.wav,3,5,0
Male\Speaker_05\Neutral\Neutral_07.wav,3,5,0
Male\Speaker_05\Neutral\Neutral_08.wav,3,5,0
Male\Speaker_05\Neutral\Neutral_09.wav,3,5,0
Male\Speaker_05\Neutral\Neutral_10.wav,3,5,0
Male\Speaker_05\Neutral\Neutral_11.wav,3,5,0
Male\Speaker_05\Neutral\Neutral_12.wav,3,5,0
Male\Speaker_05\Neutral\Neutral_13.wav,3,5,0
Male\Speaker_05\Neutral\Neutral_14.wav,3,5,0
Male\Speaker_05\Neutral\Neutral_15.wav,3,5,0
Male\Speaker_05\Neutral\Neutral_16.wav,3,5,0
Male\Speaker_05\Neutral\Neutral_17.wav,3,5,0
Male\Speaker_05\Neutral\Neutral_18.wav,3,5,0
Male\Speaker_05\Neutral\Neutral_19.wav,3,5,0
Male\Speaker_05\Neutral\Neutral_20.wav,3,5,0
Male\Speaker_05\Neutral\Neutral_21.wav,3,5,0
Male\Speaker_05\Neutral\Neutral_22.wav,3,5,0
Male\Speaker_05\Neutral\Neutral_23.wav,3,5,0
Male\Speaker_05\Neutral\Neutral_24.wav,3,5,0
Male\Speaker_05\Neutral\Neutral_25.wav,3,5,0
Male\Speaker_05\Sad\Sad_01.wav,1,5,0
Male\Speaker_05\Sad\Sad_02.wav,1,5,0
Male\Speaker_05\Sad\Sad_03.wav,1,5,0
Male\Speaker_05\Sad\Sad_04.wav,1,5,0
Male\Speaker_05\Sad\Sad_05.wav,1,5,0
Male\Speaker_05\Sad\Sad_06.wav,1,5,0
Male\Speaker_05\Sad\Sad_07.wav,1,5,0
Male\Speaker_05\Sad\Sad_08.wav,1,5,0
Male\Speaker_05\Sad\Sad_09.wav,1,5,0
Male\Speaker_05\Sad\Sad_10.wav,1,5,0
Male\Speaker_05\Sad\Sad_11.wav,1,5,0
Male\Speaker_05\Sad\Sad_12.wav,1,5,0
Male\Speaker_05\Sad\Sad_13.wav,1,5,0
Male\Speaker_05\Sad\Sad_14.wav,1,5,0
Male\Speaker_05\Sad\Sad_15.wav,1,5,0
Male\Speaker_05\Sad\Sad_16.wav,1,5,0
Male\Speaker_05\Sad\Sad_17.wav,1,5,0
Male\Speaker_05\Sad\Sad_18.wav,1,5,0
Male\Speaker_05\Sad\Sad_19.wav,1,5,0
Male\Speaker_05\Sad\Sad_20.wav,1,5,0
Male\Speaker_05\Sad\Sad_21.wav,1,5,0
Male\Speaker_05\Sad\Sad_22.wav,1,5,0
Male\Speaker_05\Sad\Sad_23.wav,1,5,0
Male\Speaker_05\Sad\Sad_24.wav,1,5,0
Male\Speaker_06\Neutral\Neutral_01.wav,3,6,0
Male\Speaker_06\Neutral\Neutral_02.wav,3,6,0
Male\Speaker_06\Neutral\Neutral_03.wav,3,6,0
Male\Speaker_06\Neutral\Neutral_04.wav,3,6,0
Male\Speaker_06\Neutral\Neutral_05.wav,3,6,0
Male\Speaker_06\Neutral\Neutral_06.wav,3,6,0
Male\Speaker_06\Neutral\Neutral_07.wav,3,6,0
Male\Speaker_06\Neutral\Neutral_08.wav,3,6,0
Male\Speaker_06\Neutral\Neutral_09.wav,3,6,0
Male\Speaker_06\Neutral\Neutral_10.wav,3,6,0
Male\Speaker_06\Neutral\Neutral_11.wav,3,6,0
Male\Speaker_06\Neutral\Neutral_12.wav,3,6,0
Male\Speaker_06\Neutral\Neutral_13.wav,3,6,0
Male\Speaker_06\Neutral\Neutral_14.wav,3,6,0
Male\Speaker_06\Neutral\Neutral_15.wav,3,6,0
Male\Speaker_06\Neutral\Neutral_16.wav,3,6,0
Male\Speaker_06\Neutral\Neutral_17.wav,3,6,0
Male\Speaker_06\Neutral\Neutral_18.wav,3,6,0
Male\Speaker_06\Neutral\Neutral_19.wav,3,6,0
Male\Speaker_06\Neutral\Neutral_20.wav,3,6,0
Male\Speaker_06\Neutral\Neutral_21.wav,3,6,0
Male\Speaker_06\Neutral\Neutral_22.wav,3,6,0
Male\Speaker_06\Neutral\Neutral_23.wav,3,6,0
Male\Speaker_06\Neutral\Neutral_24.wav,3,6,0
Male\Speaker_06\Neutral\Neutral_25.wav,3,6,0
Male\Speaker_06\Neutral\Neutral_26.wav,3,6,0
Male\Speaker_06\Neutral\Neutral_27.wav,3,6,0
Male\Speaker_06\Neutral\Neutral_28.wav,3,6,0
Male\Speaker_06\Neutral\Neutral_29.wav,3,6,0
Male\Speaker_06\Neutral\Neutral_30.wav,3,6,0
Male\Speaker_06\Neutral\Neutral_31.wav,3,6,0
Male\Speaker_06\Neutral\Neutral_32.wav,3,6,0
Male\Speaker_06\Neutral\Neutral_33.wav,3,6,0
Male\Speaker_06\Neutral\Neutral_34.wav,3,6,0
Male\Speaker_06\Neutral\Neutral_35.wav,3,6,0
Male\Speaker_06\Neutral\Neutral_36.wav,3,6,0
Male\Speaker_06\Neutral\Neutral_37.wav,3,6,0
Male\Speaker_06\Neutral\Neutral_38.wav,3,6,0
Male\Speaker_06\Sad\Sad_01.wav,1,6,0
Male\Speaker_06\Sad\Sad_02.wav,1,6,0
Male\Speaker_06\Sad\Sad_03.wav,1,6,0
Male\Speaker_06\Sad\Sad_04.wav,1,6,0
Male\Speaker_06\Sad\Sad_05.wav,1,6,0
Male\Speaker_06\Sad\Sad_06.wav,1,6,0
Male\Speaker_06\Sad\Sad_07.wav,1,6,0
Male\Speaker_06\Sad\Sad_08.wav,1,6,0
Male\Speaker_06\Sad\Sad_09.wav,1,6,0
Male\Speaker_06\Sad\Sad_10.wav,1,6,0
Male\Speaker_06\Sad\Sad_11.wav,1,6,0
Male\Speaker_06\Sad\Sad_12.wav,1,6,0
Male\Speaker_06\Sad\Sad_13.wav,1,6,0
Male\Speaker_06\Sad\Sad_14.wav,1,6,0
Male\Speaker_06\Sad\Sad_15.wav,1,6,0
Male\Speaker_06\Sad\Sad_16.wav,1,6,0
Male\Speaker_06\Sad\Sad_17.wav,1,6,0
Male\Speaker_06\Sad\Sad_18.wav,1,6,0
Male\Speaker_06\Sad\Sad_19.wav,1,6,0
Male\Speaker_06\Sad\Sad_20.wav,1,6,0
Male\Speaker_06\Sad\Sad_21.wav,1,6,0
Male\Speaker_06\Sad\Sad_22.wav,1,6,0
Male\Speaker_06\Sad\Sad_23.wav,1,6,0
Male\Speaker_06\Sad\Sad_24.wav,1,6,0
Male\Speaker_06\Sad\Sad_25.wav,1,6,0
Male\Speaker_06\Sad\Sad_26.wav,1,6,0
Male\Speaker_06\Sad\Sad_27.wav,1,6,0
Male\Speaker_06\Sad\Sad_28.wav,1,6,0
Male\Speaker_06\Sad\Sad_29.wav,1,6,0
Male\Speaker_06\Sad\Sad_30.wav,1,6,0
Male\Speaker_06\Sad\Sad_31.wav,1,6,0
Male\Speaker_06\Sad\Sad_32.wav,1,6,0
Male\Speaker_06\Sad\Sad_33.wav,1,6,0
Male\Speaker_06\Sad\Sad_34.wav,1,6,0
Male\Speaker_06\Sad\Sad_35.wav,1,6,0
Male\Speaker_06\Sad\Sad_36.wav,1,6,0
Male\Speaker_06\Sad\Sad_37.wav,1,6,0
Male\Speaker_06\Sad\Sad_38.wav,1,6,0
Male\Speaker_06\Sad\Sad_39.wav,1,6,0
Male\Speaker_06\Sad\Sad_40.wav,1,6,0
Male\Speaker_06\Sad\Sad_41.wav,1,6,0
Male\Speaker_06\Sad\Sad_42.wav,1,6,0
Male\Speaker_06\Sad\Sad_43.wav,1,6,0
Male\Speaker_06\Sad\Sad_44.wav,1,6,0
Male\Speaker_06\Sad\Sad_45.wav,1,6,0
Male\Speaker_06\Sad\Sad_46.wav,1,6,0
Male\Speaker_06\Sad\Sad_47.wav,1,6,0
Male\Speaker_06\Sad\Sad_48.wav,1,6,0
Male\Speaker_06\Sad\Sad_49.wav,1,6,0
Male\Speaker_06\Sad\Sad_50.wav,1,6,0
Male\Speaker_06\Sad\Sad_51.wav,1,6,0
Male\Speaker_06\Sad\Sad_52.wav,1,6,0
Male\Speaker_06\Sad\Sad_53.wav,1,6,0
Male\Speaker_06\Sad\Sad_54.wav,1,6,0
Male\Speaker_06\Sad\Sad_55.wav,1,6,0
Male\Speaker_06\Sad\Sad_56.wav,1,6,0
Male\Speaker_06\Sad\Sad_57.wav,1,6,0
Male\Speaker_06\Sad\Sad_58.wav,1,6,0
Male\Speaker_06\Sad\Sad_59.wav,1,6,0
Male\Speaker_06\Sad\Sad_60.wav,1,6,0
Male\Speaker_07\Angry\Angry_01.wav,2,7,0
Male\Speaker_07\Angry\Angry_02.wav,2,7,0
Male\Speaker_07\Angry\Angry_03.wav,2,7,0
Male\Speaker_07\Angry\Angry_04.wav,2,7,0
Male\Speaker_07\Angry\Angry_05.wav,2,7,0
Male\Speaker_07\Angry\Angry_06.wav,2,7,0
Male\Speaker_07\Angry\Angry_07.wav,2,7,0
Male\Speaker_07\Angry\Angry_08.wav,2,7,0
Male\Speaker_07\Angry\Angry_09.wav,2,7,0
Male\Speaker_07\Angry\Angry_10.wav,2,7,0
Male\Speaker_07\Angry\Angry_11.wav,2,7,0
Male\Speaker_07\Angry\Angry_12.wav,2,7,0
Male\Speaker_07\Angry\Angry_13.wav,2,7,0
Male\Speaker_07\Angry\Angry_14.wav,2,7,0
Male\Speaker_07\Angry\Angry_15.wav,2,7,0
Male\Speaker_07\Angry\Angry_16.wav,2,7,0
Male\Speaker_07\Angry\Angry_17.wav,2,7,0
Male\Speaker_07\Angry\Angry_18.wav,2,7,0
Male\Speaker_07\Angry\Angry_19.wav,2,7,0
Male\Speaker_07\Angry\Angry_20.wav,2,7,0
Male\Speaker_07\Angry\Angry_21.wav,2,7,0
Male\Speaker_07\Angry\Angry_22.wav,2,7,0
Male\Speaker_07\Angry\Angry_23.wav,2,7,0
Male\Speaker_07\Angry\Angry_24.wav,2,7,0
Male\Speaker_07\Angry\Angry_25.wav,2,7,0
Male\Speaker_07\Angry\Angry_26.wav,2,7,0
Male\Speaker_07\Angry\Angry_27.wav,2,7,0
Male\Speaker_07\Angry\Angry_28.wav,2,7,0
Male\Speaker_07\Angry\Angry_29.wav,2,7,0
Male\Speaker_07\Angry\Angry_30.wav,2,7,0
Male\Speaker_07\Happy\Happy_01.wav,0,7,0
Male\Speaker_07\Happy\Happy_02.wav,0,7,0
Male\Speaker_07\Happy\Happy_03.wav,0,7,0
Male\Speaker_07\Happy\Happy_04.wav,0,7,0
Male\Speaker_07\Happy\Happy_05.wav,0,7,0
Male\Speaker_07\Happy\Happy_06.wav,0,7,0
Male\Speaker_07\Happy\Happy_07.wav,0,7,0
Male\Speaker_07\Happy\Happy_08.wav,0,7,0
Male\Speaker_07\Happy\Happy_09.wav,0,7,0
Male\Speaker_07\Happy\Happy_10.wav,0,7,0
Male\Speaker_07\Happy\Happy_11.wav,0,7,0
Male\Speaker_07\Happy\Happy_12.wav,0,7,0
Male\Speaker_07\Happy\Happy_13.wav,0,7,0
Male\Speaker_07\Happy\Happy_14.wav,0,7,0
Male\Speaker_07\Happy\Happy_15.wav,0,7,0
Male\Speaker_07\Happy\Happy_16.wav,0,7,0
Male\Speaker_07\Happy\Happy_17.wav,0,7,0
Male\Speaker_07\Happy\Happy_18.wav,0,7,0
Male\Speaker_07\Happy\Happy_19.wav,0,7,0
Male\Speaker_07\Happy\Happy_20.wav,0,7,0
Male\Speaker_07\Happy\Happy_21.wav,0,7,0
Male\Speaker_07\Happy\Happy_22.wav,0,7,0
Male\Speaker_07\Happy\Happy_23.wav,0,7,0
Male\Speaker_07\Happy\Happy_24.wav,0,7,0
Male\Speaker_07\Happy\Happy_25.wav,0,7,0
Male\Speaker_07\Happy\Happy_26.wav,0,7,0
Male\Speaker_07\Happy\Happy_27.wav,0,7,0
Male\Speaker_07\Neutral\Neutral_01.wav,3,7,0
Male\Speaker_07\Neutral\Neutral_02.wav,3,7,0
Male\Speaker_07\Neutral\Neutral_03.wav,3,7,0
Male\Speaker_07\Neutral\Neutral_04.wav,3,7,0
Male\Speaker_07\Neutral\Neutral_05.wav,3,7,0
Male\Speaker_07\Neutral\Neutral_06.wav,3,7,0
Male\Speaker_07\Neutral\Neutral_07.wav,3,7,0
Male\Speaker_07\Neutral\Neutral_08.wav,3,7,0
Male\Speaker_07\Neutral\Neutral_09.wav,3,7,0
Male\Speaker_07\Neutral\Neutral_10.wav,3,7,0
Male\Speaker_07\Neutral\Neutral_11.wav,3,7,0
Male\Speaker_07\Neutral\Neutral_12.wav,3,7,0
Male\Speaker_07\Neutral\Neutral_13.wav,3,7,0
Male\Speaker_07\Neutral\Neutral_14.wav,3,7,0
Male\Speaker_07\Neutral\Neutral_15.wav,3,7,0
Male\Speaker_07\Neutral\Neutral_16.wav,3,7,0
Male\Speaker_07\Neutral\Neutral_17.wav,3,7,0
Male\Speaker_07\Neutral\Neutral_18.wav,3,7,0
Male\Speaker_07\Neutral\Neutral_19.wav,3,7,0
Male\Speaker_07\Neutral\Neutral_20.wav,3,7,0
Male\Speaker_07\Neutral\Neutral_21.wav,3,7,0
Male\Speaker_07\Neutral\Neutral_22.wav,3,7,0
Male\Speaker_07\Neutral\Neutral_23.wav,3,7,0
Male\Speaker_07\Neutral\Neutral_24.wav,3,7,0
Male\Speaker_07\Neutral\Neutral_25.wav,3,7,0
Male\Speaker_07\Neutral\Neutral_26.wav,3,7,0
Male\Speaker_07\Neutral\Neutral_27.wav,3,7,0
Male\Speaker_07\Neutral\Neutral_28.wav,3,7,0
Male\Speaker_07\Neutral\Neutral_29.wav,3,7,0
Male\Speaker_07\Neutral\Neutral_30.wav,3,7,0
Male\Speaker_07\Neutral\Neutral_31.wav,3,7,0
Male\Speaker_07\Neutral\Neutral_32.wav,3,7,0
Male\Speaker_07\Neutral\Neutral_33.wav,3,7,0
Male\Speaker_07\Neutral\Neutral_34.wav,3,7,0
Male\Speaker_07\Neutral\Neutral_35.wav,3,7,0
Male\Speaker_07\Neutral\Neutral_36.wav,3,7,0
Male\Speaker_07\Neutral\Neutral_37.wav,3,7,0
Male\Speaker_07\Neutral\Neutral_38.wav,3,7,0
Male\Speaker_07\Neutral\Neutral_39.wav,3,7,0
Male\Speaker_07\Neutral\Neutral_40.wav,3,7,0
Male\Speaker_07\Sad\Sad_01.wav,1,7,0
Male\Speaker_07\Sad\Sad_02.wav,1,7,0
Male\Speaker_07\Sad\Sad_03.wav,1,7,0
Male\Speaker_07\Sad\Sad_04.wav,1,7,0
Male\Speaker_07\Sad\Sad_05.wav,1,7,0
Male\Speaker_07\Sad\Sad_06.wav,1,7,0
Male\Speaker_07\Sad\Sad_07.wav,1,7,0
Male\Speaker_07\Sad\Sad_08.wav,1,7,0
Male\Speaker_07\Sad\Sad_09.wav,1,7,0
Male\Speaker_07\Sad\Sad_10.wav,1,7,0
Male\Speaker_07\Sad\Sad_11.wav,1,7,0
Male\Speaker_07\Sad\Sad_12.wav,1,7,0
Male\Speaker_07\Sad\Sad_13.wav,1,7,0
Male\Speaker_07\Sad\Sad_14.wav,1,7,0
Male\Speaker_07\Sad\Sad_15.wav,1,7,0
Male\Speaker_07\Sad\Sad_16.wav,1,7,0
Male\Speaker_07\Sad\Sad_17.wav,1,7,0
Male\Speaker_07\Sad\Sad_18.wav,1,7,0
Male\Speaker_07\Sad\Sad_19.wav,1,7,0
Male\Speaker_07\Sad\Sad_20.wav,1,7,0
Male\Speaker_07\Sad\Sad_21.wav,1,7,0
Male\Speaker_07\Sad\Sad_22.wav,1,7,0
Male\Speaker_07\Sad\Sad_23.wav,1,7,0
Male\Speaker_07\Sad\Sad_24.wav,1,7,0
Male\Speaker_07\Sad\Sad_25.wav,1,7,0
Male\Speaker_07\Sad\Sad_26.wav,1,7,0
Male\Speaker_07\Sad\Sad_27.wav,1,7,0
Male\Speaker_07\Sad\Sad_28.wav,1,7,0
Male\Speaker_07\Sad\Sad_29.wav,1,7,0
Male\Speaker_07\Sad\Sad_30.wav,1,7,0
Male\Speaker_07\Sad\Sad_31.wav,1,7,0
Male\Speaker_07\Sad\Sad_32.wav,1,7,0
Male\Speaker_07\Sad\Sad_33.wav,1,7,0
Male\Speaker_07\Sad\Sad_34.wav,1,7,0
Male\Speaker_07\Sad\Sad_35.wav,1,7,0
Male\Speaker_07\Sad\Sad_36.wav,1,7,0
Male\Speaker_07\Sad\Sad_37.wav,1,7,0
Male\Speaker_07\Sad\Sad_38.wav,1,7,0
Male\Speaker_07\Sad\Sad_39.wav,1,7,0
Male\Speaker_07\Sad\Sad_40.wav,1,7,0
Male\Speaker_07\Sad\Sad_41.wav,1,7,0
Male\Speaker_08\Angry\Angry_01.wav,2,8,0
Male\Speaker_08\Angry\Angry_02.wav,2,8,0
Male\Speaker_08\Angry\Angry_03.wav,2,8,0
Male\Speaker_08\Angry\Angry_04.wav,2,8,0
Male\Speaker_08\Angry\Angry_05.wav,2,8,0
Male\Speaker_08\Angry\Angry_06.wav,2,8,0
Male\Speaker_08\Angry\Angry_07.wav,2,8,0
Male\Speaker_08\Angry\Angry_08.wav,2,8,0
Male\Speaker_08\Angry\Angry_09.wav,2,8,0
Male\Speaker_08\Angry\Angry_10.wav,2,8,0
Male\Speaker_08\Angry\Angry_11.wav,2,8,0
Male\Speaker_08\Angry\Angry_12.wav,2,8,0
Male\Speaker_08\Angry\Angry_13.wav,2,8,0
Male\Speaker_08\Angry\Angry_14.wav,2,8,0
Male\Speaker_08\Angry\Angry_15.wav,2,8,0
Male\Speaker_08\Angry\Angry_16.wav,2,8,0
Male\Speaker_08\Angry\Angry_17.wav,2,8,0
Male\Speaker_08\Angry\Angry_18.wav,2,8,0
Male\Speaker_08\Angry\Angry_19.wav,2,8,0
Male\Speaker_08\Angry\Angry_20.wav,2,8,0
Male\Speaker_08\Angry\Angry_21.wav,2,8,0
Male\Speaker_08\Angry\Angry_22.wav,2,8,0
Male\Speaker_08\Angry\Angry_23.wav,2,8,0
Male\Speaker_08\Angry\Angry_24.wav,2,8,0
Male\Speaker_08\Angry\Angry_25.wav,2,8,0
Male\Speaker_08\Happy\Happy_01.wav,0,8,0
Male\Speaker_08\Happy\Happy_02.wav,0,8,0
Male\Speaker_08\Happy\Happy_03.wav,0,8,0
Male\Speaker_08\Happy\Happy_04.wav,0,8,0
Male\Speaker_08\Happy\Happy_05.wav,0,8,0
Male\Speaker_08\Happy\Happy_06.wav,0,8,0
Male\Speaker_08\Happy\Happy_07.wav,0,8,0
Male\Speaker_08\Happy\Happy_08.wav,0,8,0
Male\Speaker_08\Happy\Happy_09.wav,0,8,0
Male\Speaker_08\Happy\Happy_10.wav,0,8,0
Male\Speaker_08\Happy\Happy_11.wav,0,8,0
Male\Speaker_08\Happy\Happy_12.wav,0,8,0
Male\Speaker_08\Happy\Happy_13.wav,0,8,0
Male\Speaker_08\Happy\Happy_14.wav,0,8,0
Male\Speaker_08\Happy\Happy_15.wav,0,8,0
Male\Speaker_08\Happy\Happy_16.wav,0,8,0
Male\Speaker_08\Happy\Happy_17.wav,0,8,0
Male\Speaker_08\Happy\Happy_18.wav,0,8,0
Male\Speaker_08\Happy\Happy_19.wav,0,8,0
Male\Speaker_08\Happy\Happy_20.wav,0,8,0
Male\Speaker_08\Happy\Happy_21.wav,0,8,0
Male\Speaker_08\Happy\Happy_22.wav,0,8,0
Male\Speaker_08\Happy\Happy_23.wav,0,8,0
Male\Speaker_08\Happy\Happy_24.wav,0,8,0
Male\Speaker_08\Happy\Happy_25.wav,0,8,0
Male\Speaker_08\Neutral\Neutral_01.wav,3,8,0
Male\Speaker_08\Neutral\Neutral_02.wav,3,8,0
Male\Speaker_08\Neutral\Neutral_03.wav,3,8,0
Male\Speaker_08\Neutral\Neutral_04.wav,3,8,0
Male\Speaker_08\Neutral\Neutral_05.wav,3,8,0
Male\Speaker_08\Neutral\Neutral_06.wav,3,8,0
Male\Speaker_08\Neutral\Neutral_07.wav,3,8,0
Male\Speaker_08\Neutral\Neutral_08.wav,3,8,0
Male\Speaker_08\Neutral\Neutral_09.wav,3,8,0
Male\Speaker_08\Neutral\Neutral_10.wav,3,8,0
Male\Speaker_08\Neutral\Neutral_11.wav,3,8,0
Male\Speaker_08\Neutral\Neutral_12.wav,3,8,0
Male\Speaker_08\Neutral\Neutral_13.wav,3,8,0
Male\Speaker_08\Neutral\Neutral_14.wav,3,8,0
Male\Speaker_08\Neutral\Neutral_15.wav,3,8,0
Male\Speaker_08\Neutral\Neutral_16.wav,3,8,0
Male\Speaker_08\Neutral\Neutral_17.wav,3,8,0
Male\Speaker_08\Neutral\Neutral_18.wav,3,8,0
Male\Speaker_08\Neutral\Neutral_19.wav,3,8,0
Male\Speaker_08\Neutral\Neutral_20.wav,3,8,0
Male\Speaker_08\Neutral\Neutral_21.wav,3,8,0
Male\Speaker_08\Neutral\Neutral_22.wav,3,8,0
Male\Speaker_08\Neutral\Neutral_23.wav,3,8,0
Male\Speaker_08\Neutral\Neutral_24.wav,3,8,0
Male\Speaker_08\Neutral\Neutral_25.wav,3,8,0
Male\Speaker_08\Sad\Sad_01.wav,1,8,0
Male\Speaker_08\Sad\Sad_02.wav,1,8,0
Male\Speaker_08\Sad\Sad_03.wav,1,8,0
Male\Speaker_08\Sad\Sad_04.wav,1,8,0
Male\Speaker_08\Sad\Sad_05.wav,1,8,0
Male\Speaker_08\Sad\Sad_06.wav,1,8,0
Male\Speaker_08\Sad\Sad_07.wav,1,8,0
Male\Speaker_08\Sad\Sad_08.wav,1,8,0
Male\Speaker_08\Sad\Sad_09.wav,1,8,0
Male\Speaker_08\Sad\Sad_10.wav,1,8,0
Male\Speaker_08\Sad\Sad_11.wav,1,8,0
Male\Speaker_08\Sad\Sad_12.wav,1,8,0
Male\Speaker_08\Sad\Sad_13.wav,1,8,0
Male\Speaker_08\Sad\Sad_14.wav,1,8,0
Male\Speaker_08\Sad\Sad_15.wav,1,8,0
Male\Speaker_08\Sad\Sad_16.wav,1,8,0
Male\Speaker_08\Sad\Sad_17.wav,1,8,0
Male\Speaker_08\Sad\Sad_18.wav,1,8,0
Male\Speaker_08\Sad\Sad_19.wav,1,8,0
Male\Speaker_08\Sad\Sad_20.wav,1,8,0
Male\Speaker_08\Sad\Sad_21.wav,1,8,0
Male\Speaker_08\Sad\Sad_22.wav,1,8,0
Male\Speaker_08\Sad\Sad_23.wav,1,8,0
Male\Speaker_08\Sad\Sad_24.wav,1,8,0
Male\Speaker_08\Sad\Sad_25.wav,1,8,0
Male\Speaker_09\Angry\Angry_01.wav,2,9,0
Male\Speaker_09\Angry\Angry_02.wav,2,9,0
Male\Speaker_09\Angry\Angry_03.wav,2,9,0
Male\Speaker_09\Angry\Angry_04.wav,2,9,0
Male\Speaker_09\Angry\Angry_05.wav,2,9,0
Male\Speaker_09\Angry\Angry_06.wav,2,9,0
Male\Speaker_09\Angry\Angry_07.wav,2,9,0
Male\Speaker_09\Angry\Angry_08.wav,2,9,0
Male\Speaker_09\Angry\Angry_09.wav,2,9,0
Male\Speaker_09\Angry\Angry_10.wav,2,9,0
Male\Speaker_09\Angry\Angry_11.wav,2,9,0
Male\Speaker_09\Angry\Angry_12.wav,2,9,0
Male\Speaker_09\Angry\Angry_13.wav,2,9,0
Male\Speaker_09\Angry\Angry_14.wav,2,9,0
Male\Speaker_09\Angry\Angry_15.wav,2,9,0
Male\Speaker_09\Angry\Angry_16.wav,2,9,0
Male\Speaker_09\Angry\Angry_17.wav,2,9,0
Male\Speaker_09\Angry\Angry_18.wav,2,9,0
Male\Speaker_09\Angry\Angry_19.wav,2,9,0
Male\Speaker_09\Angry\Angry_20.wav,2,9,0
Male\Speaker_09\Happy\Happy_01.wav,0,9,0
Male\Speaker_09\Happy\Happy_02.wav,0,9,0
Male\Speaker_09\Happy\Happy_03.wav,0,9,0
Male\Speaker_09\Happy\Happy_04.wav,0,9,0
Male\Speaker_09\Happy\Happy_05.wav,0,9,0
Male\Speaker_09\Happy\Happy_06.wav,0,9,0
Male\Speaker_09\Happy\Happy_07.wav,0,9,0
Male\Speaker_09\Happy\Happy_08.wav,0,9,0
Male\Speaker_09\Happy\Happy_09.wav,0,9,0
Male\Speaker_09\Happy\Happy_10.wav,0,9,0
Male\Speaker_09\Happy\Happy_11.wav,0,9,0
Male\Speaker_09\Happy\Happy_12.wav,0,9,0
Male\Speaker_09\Happy\Happy_13.wav,0,9,0
Male\Speaker_09\Happy\Happy_14.wav,0,9,0
Male\Speaker_09\Happy\Happy_15.wav,0,9,0
Male\Speaker_09\Happy\Happy_16.wav,0,9,0
Male\Speaker_09\Happy\Happy_17.wav,0,9,0
Male\Speaker_09\Happy\Happy_18.wav,0,9,0
Male\Speaker_09\Happy\Happy_19.wav,0,9,0
Male\Speaker_09\Happy\Happy_20.wav,0,9,0
Male\Speaker_09\Happy\Happy_21.wav,0,9,0
Male\Speaker_09\Happy\Happy_22.wav,0,9,0
Male\Speaker_09\Neutral\Neutral_01.wav,3,9,0
Male\Speaker_09\Neutral\Neutral_02.wav,3,9,0
Male\Speaker_09\Neutral\Neutral_03.wav,3,9,0
Male\Speaker_09\Neutral\Neutral_04.wav,3,9,0
Male\Speaker_09\Neutral\Neutral_05.wav,3,9,0
Male\Speaker_09\Neutral\Neutral_06.wav,3,9,0
Male\Speaker_09\Neutral\Neutral_07.wav,3,9,0
Male\Speaker_09\Neutral\Neutral_08.wav,3,9,0
Male\Speaker_09\Neutral\Neutral_09.wav,3,9,0
Male\Speaker_09\Neutral\Neutral_10.wav,3,9,0
Male\Speaker_09\Neutral\Neutral_11.wav,3,9,0
Male\Speaker_09\Neutral\Neutral_12.wav,3,9,0
Male\Speaker_09\Neutral\Neutral_13.wav,3,9,0
Male\Speaker_09\Neutral\Neutral_14.wav,3,9,0
Male\Speaker_09\Neutral\Neutral_15.wav,3,9,0
Male\Speaker_09\Neutral\Neutral_16.wav,3,9,0
Male\Speaker_09\Neutral\Neutral_17.wav,3,9,0
Male\Speaker_09\Neutral\Neutral_18.wav,3,9,0
Male\Speaker_09\Neutral\Neutral_19.wav,3,9,0
Male\Speaker_09\Neutral\Neutral_20.wav,3,9,0
Male\Speaker_09\Sad\Sad_01.wav,1,9,0
Male\Speaker_09\Sad\Sad_02.wav,1,9,0
Male\Speaker_09\Sad\Sad_03.wav,1,9,0
Male\Speaker_09\Sad\Sad_04.wav,1,9,0
Male\Speaker_09\Sad\Sad_05.wav,1,9,0
Male\Speaker_09\Sad\Sad_06.wav,1,9,0
Male\Speaker_09\Sad\Sad_07.wav,1,9,0
Male\Speaker_09\Sad\Sad_08.wav,1,9,0
Male\Speaker_09\Sad\Sad_09.wav,1,9,0
Male\Speaker_09\Sad\Sad_10.wav,1,9,0
Male\Speaker_09\Sad\Sad_11.wav,1,9,0
Male\Speaker_09\Sad\Sad_12.wav,1,9,0
Male\Speaker_09\Sad\Sad_13.wav,1,9,0
Male\Speaker_09\Sad\Sad_14.wav,1,9,0
Male\Speaker_09\Sad\Sad_15.wav,1,9,0
Male\Speaker_09\Sad\Sad_16.wav,1,9,0
Male\Speaker_09\Sad\Sad_17.wav,1,9,0
Male\Speaker_09\Sad\Sad_18.wav,1,9,0
Male\Speaker_09\Sad\Sad_19.wav,1,9,0
Male\Speaker_09\Sad\Sad_20.wav,1,9,0
Male\Speaker_10\Angry\Angry_01.wav,2,10,0
Male\Speaker_10\Angry\Angry_02.wav,2,10,0
Male\Speaker_10\Angry\Angry_03.wav,2,10,0
Male\Speaker_10\Angry\Angry_04.wav,2,10,0
Male\Speaker_10\Angry\Angry_05.wav,2,10,0
Male\Speaker_10\Angry\Angry_06.wav,2,10,0
Male\Speaker_10\Angry\Angry_07.wav,2,10,0
Male\Speaker_10\Angry\Angry_08.wav,2,10,0
Male\Speaker_10\Angry\Angry_09.wav,2,10,0
Male\Speaker_10\Angry\Angry_10.wav,2,10,0
Male\Speaker_10\Happy\Happy_01.wav,0,10,0
Male\Speaker_10\Happy\Happy_02.wav,0,10,0
Male\Speaker_10\Happy\Happy_03.wav,0,10,0
Male\Speaker_10\Happy\Happy_04.wav,0,10,0
Male\Speaker_10\Happy\Happy_05.wav,0,10,0
Male\Speaker_10\Happy\Happy_06.wav,0,10,0
Male\Speaker_10\Happy\Happy_07.wav,0,10,0
Male\Speaker_10\Happy\Happy_08.wav,0,10,0
Male\Speaker_10\Happy\Happy_09.wav,0,10,0
Male\Speaker_10\Happy\Happy_10.wav,0,10,0
Male\Speaker_10\Neutral\Neutral_01.wav,3,10,0
Male\Speaker_10\Neutral\Neutral_02.wav,3,10,0
Male\Speaker_10\Neutral\Neutral_03.wav,3,10,0
Male\Speaker_10\Neutral\Neutral_04.wav,3,10,0
Male\Speaker_10\Neutral\Neutral_05.wav,3,10,0
Male\Speaker_10\Neutral\Neutral_06.wav,3,10,0
Male\Speaker_10\Neutral\Neutral_07.wav,3,10,0
Male\Speaker_10\Neutral\Neutral_08.wav,3,10,0
Male\Speaker_10\Neutral\Neutral_09.wav,3,10,0
Male\Speaker_10\Neutral\Neutral_10.wav,3,10,0
Male\Speaker_10\Sad\Sad_01.wav,1,10,0
Male\Speaker_10\Sad\Sad_02.wav,1,10,0
Male\Speaker_10\Sad\Sad_03.wav,1,10,0
Male\Speaker_10\Sad\Sad_04.wav,1,10,0
Male\Speaker_10\Sad\Sad_05.wav,1,10,0
Male\Speaker_10\Sad\Sad_06.wav,1,10,0
Male\Speaker_10\Sad\Sad_07.wav,1,10,0
Male\Speaker_10\Sad\Sad_08.wav,1,10,0
Male\Speaker_10\Sad\Sad_09.wav,1,10,0
Male\Speaker_10\Sad\Sad_10.wav,1,10,0
Male\Speaker_11\Angry\Angry_01.wav,2,11,0
Male\Speaker_11\Angry\Angry_02.wav,2,11,0
Male\Speaker_11\Angry\Angry_03.wav,2,11,0
Male\Speaker_11\Angry\Angry_04.wav,2,11,0
Male\Speaker_11\Angry\Angry_05.wav,2,11,0
Male\Speaker_11\Angry\Angry_06.wav,2,11,0
Male\Speaker_11\Angry\Angry_07.wav,2,11,0
Male\Speaker_11\Angry\Angry_08.wav,2,11,0
Male\Speaker_11\Angry\Angry_09.wav,2,11,0
Male\Speaker_11\Angry\Angry_10.wav,2,11,0
Male\Speaker_11\Happy\Happy_01.wav,0,11,0
Male\Speaker_11\Happy\Happy_02.wav,0,11,0
Male\Speaker_11\Happy\Happy_03.wav,0,11,0
Male\Speaker_11\Happy\Happy_04.wav,0,11,0
Male\Speaker_11\Happy\Happy_05.wav,0,11,0
Male\Speaker_11\Happy\Happy_06.wav,0,11,0
Male\Speaker_11\Happy\Happy_07.wav,0,11,0
Male\Speaker_11\Happy\Happy_08.wav,0,11,0
Male\Speaker_11\Happy\Happy_09.wav,0,11,0
Male\Speaker_11\Happy\Happy_10.wav,0,11,0
Male\Speaker_11\Neutral\Neutral_01.wav,3,11,0
Male\Speaker_11\Neutral\Neutral_02.wav,3,11,0
Male\Speaker_11\Neutral\Neutral_03.wav,3,11,0
Male\Speaker_11\Neutral\Neutral_04.wav,3,11,0
Male\Speaker_11\Neutral\Neutral_05.wav,3,11,0
Male\Speaker_11\Neutral\Neutral_06.wav,3,11,0
Male\Speaker_11\Neutral\Neutral_07.wav,3,11,0
Male\Speaker_11\Neutral\Neutral_08.wav,3,11,0
Male\Speaker_11\Neutral\Neutral_09.wav,3,11,0
Male\Speaker_11\Neutral\Neutral_10.wav,3,11,0
Male\Speaker_11\Sad\Sad_01.wav,1,11,0
Male\Speaker_11\Sad\Sad_02.wav,1,11,0
Male\Speaker_11\Sad\Sad_03.wav,1,11,0
Male\Speaker_11\Sad\Sad_04.wav,1,11,0
Male\Speaker_11\Sad\Sad_05.wav,1,11,0
Male\Speaker_11\Sad\Sad_06.wav,1,11,0
Male\Speaker_11\Sad\Sad_07.wav,1,11,0
Male\Speaker_11\Sad\Sad_08.wav,1,11,0
Male\Speaker_11\Sad\Sad_09.wav,1,11,0
Male\Speaker_11\Sad\Sad_10.wav,1,11,0
Male\Speaker_12\Angry\Angry_01.wav,2,12,0
Male\Speaker_12\Angry\Angry_02.wav,2,12,0
Male\Speaker_12\Angry\Angry_03.wav,2,12,0
Male\Speaker_12\Angry\Angry_04.wav,2,12,0
Male\Speaker_12\Angry\Angry_05.wav,2,12,0
Male\Speaker_12\Angry\Angry_06.wav,2,12,0
Male\Speaker_12\Angry\Angry_07.wav,2,12,0
Male\Speaker_12\Angry\Angry_08.wav,2,12,0
Male\Speaker_12\Angry\Angry_09.wav,2,12,0
Male\Speaker_12\Angry\Angry_10.wav,2,12,0
Male\Speaker_12\Angry\Angry_11.wav,2,12,0
Male\Speaker_12\Angry\Angry_12.wav,2,12,0
Male\Speaker_12\Angry\Angry_13.wav,2,12,0
Male\Speaker_12\Angry\Angry_14.wav,2,12,0
Male\Speaker_12\Angry\Angry_15.wav,2,12,0
Male\Speaker_12\Angry\Angry_16.wav,2,12,0
Male\Speaker_12\Happy\Happy_01.wav,0,12,0
Male\Speaker_12\Happy\Happy_02.wav,0,12,0
Male\Speaker_12\Happy\Happy_03.wav,0,12,0
Male\Speaker_12\Happy\Happy_04.wav,0,12,0
Male\Speaker_12\Happy\Happy_05.wav,0,12,0
Male\Speaker_12\Happy\Happy_06.wav,0,12,0
Male\Speaker_12\Happy\Happy_07.wav,0,12,0
Male\Speaker_12\Happy\Happy_08.wav,0,12,0
Male\Speaker_12\Happy\Happy_09.wav,0,12,0
Male\Speaker_12\Happy\Happy_10.wav,0,12,0
Male\Speaker_12\Happy\Happy_11.wav,0,12,0
Male\Speaker_12\Happy\Happy_12.wav,0,12,0
Male\Speaker_12\Happy\Happy_13.wav,0,12,0
Male\Speaker_12\Happy\Happy_14.wav,0,12,0
Male\Speaker_12\Happy\Happy_15.wav,0,12,0
Male\Speaker_13\Angry\Angry_01.wav,2,13,0
Male\Speaker_13\Angry\Angry_02.wav,2,13,0
Male\Speaker_13\Angry\Angry_03.wav,2,13,0
Male\Speaker_13\Angry\Angry_04.wav,2,13,0
Male\Speaker_13\Angry\Angry_05.wav,2,13,0
Male\Speaker_13\Angry\Angry_06.wav,2,13,0
Male\Speaker_13\Angry\Angry_07.wav,2,13,0
Male\Speaker_13\Angry\Angry_08.wav,2,13,0
Male\Speaker_13\Angry\Angry_09.wav,2,13,0
Male\Speaker_13\Angry\Angry_10.wav,2,13,0
Male\Speaker_13\Angry\Angry_11.wav,2,13,0
Male\Speaker_13\Angry\Angry_12.wav,2,13,0
Male\Speaker_13\Angry\Angry_13.wav,2,13,0
Male\Speaker_13\Angry\Angry_14.wav,2,13,0
Male\Speaker_13\Angry\Angry_15.wav,2,13,0
Male\Speaker_13\Happy\Happy_01.wav,0,13,0
Male\Speaker_13\Happy\Happy_02.wav,0,13,0
Male\Speaker_13\Happy\Happy_03.wav,0,13,0
Male\Speaker_13\Happy\Happy_04.wav,0,13,0
Male\Speaker_13\Happy\Happy_05.wav,0,13,0
Male\Speaker_13\Happy\Happy_06.wav,0,13,0
Male\Speaker_13\Happy\Happy_07.wav,0,13,0
Male\Speaker_13\Happy\Happy_08.wav,0,13,0
Male\Speaker_13\Happy\Happy_09.wav,0,13,0
Male\Speaker_13\Happy\Happy_10.wav,0,13,0
Male\Speaker_13\Happy\Happy_11.wav,0,13,0
Male\Speaker_13\Happy\Happy_12.wav,0,13,0
Male\Speaker_13\Happy\Happy_13.wav,0,13,0
Male\Speaker_13\Happy\Happy_14.wav,0,13,0
Male\Speaker_13\Happy\Happy_15.wav,0,13,0
Male\Speaker_13\Neutral\Neutral_01.wav,3,13,0
Male\Speaker_13\Neutral\Neutral_02.wav,3,13,0
Male\Speaker_13\Neutral\Neutral_03.wav,3,13,0
Male\Speaker_13\Neutral\Neutral_04.wav,3,13,0
Male\Speaker_13\Neutral\Neutral_05.wav,3,13,0
Male\Speaker_13\Neutral\Neutral_06.wav,3,13,0
Male\Speaker_13\Neutral\Neutral_07.wav,3,13,0
Male\Speaker_13\Neutral\Neutral_08.wav,3,13,0
Male\Speaker_13\Neutral\Neutral_09.wav,3,13,0
Male\Speaker_13\Neutral\Neutral_10.wav,3,13,0
Male\Speaker_13\Neutral\Neutral_11.wav,3,13,0
Male\Speaker_13\Neutral\Neutral_12.wav,3,13,0
Male\Speaker_13\Neutral\Neutral_13.wav,3,13,0
Male\Speaker_13\Neutral\Neutral_14.wav,3,13,0
Male\Speaker_13\Neutral\Neutral_15.wav,3,13,0
Male\Speaker_13\Sad\Sad_01.wav,1,13,0
Male\Speaker_13\Sad\Sad_02.wav,1,13,0
Male\Speaker_13\Sad\Sad_03.wav,1,13,0
Male\Speaker_13\Sad\Sad_04.wav,1,13,0
Male\Speaker_13\Sad\Sad_05.wav,1,13,0
Male\Speaker_13\Sad\Sad_06.wav,1,13,0
Male\Speaker_13\Sad\Sad_07.wav,1,13,0
Male\Speaker_13\Sad\Sad_08.wav,1,13,0
Male\Speaker_13\Sad\Sad_09.wav,1,13,0
Male\Speaker_13\Sad\Sad_10.wav,1,13,0
Male\Speaker_13\Sad\Sad_11.wav,1,13,0
Male\Speaker_13\Sad\Sad_12.wav,1,13,0
Male\Speaker_13\Sad\Sad_13.wav,1,13,0
Male\Speaker_13\Sad\Sad_14.wav,1,13,0
Male\Speaker_13\Sad\Sad_15.wav,1,13,0
Male\Speaker_14\Angry\Angry_01.wav,2,14,0
Male\Speaker_14\Angry\Angry_02.wav,2,14,0
Male\Speaker_14\Angry\Angry_03.wav,2,14,0
Male\Speaker_14\Angry\Angry_04.wav,2,14,0
Male\Speaker_14\Angry\Angry_05.wav,2,14,0
Male\Speaker_14\Angry\Angry_06.wav,2,14,0
Male\Speaker_14\Angry\Angry_07.wav,2,14,0
Male\Speaker_14\Angry\Angry_08.wav,2,14,0
Male\Speaker_14\Angry\Angry_09.wav,2,14,0
Male\Speaker_14\Angry\Angry_10.wav,2,14,0
Male\Speaker_14\Angry\Angry_11.wav,2,14,0
Male\Speaker_14\Angry\Angry_12.wav,2,14,0
Male\Speaker_14\Angry\Angry_13.wav,2,14,0
Male\Speaker_14\Angry\Angry_14.wav,2,14,0
Male\Speaker_14\Angry\Angry_15.wav,2,14,0
Male\Speaker_14\Angry\Angry_16.wav,2,14,0
Male\Speaker_14\Angry\Angry_17.wav,2,14,0
Male\Speaker_14\Angry\Angry_18.wav,2,14,0
Male\Speaker_14\Angry\Angry_19.wav,2,14,0
Male\Speaker_14\Angry\Angry_20.wav,2,14,0
Male\Speaker_14\Happy\Happy_01.wav,0,14,0
Male\Speaker_14\Happy\Happy_02.wav,0,14,0
Male\Speaker_14\Happy\Happy_03.wav,0,14,0
Male\Speaker_14\Happy\Happy_04.wav,0,14,0
Male\Speaker_14\Happy\Happy_05.wav,0,14,0
Male\Speaker_14\Happy\Happy_06.wav,0,14,0
Male\Speaker_14\Happy\Happy_07.wav,0,14,0
Male\Speaker_14\Happy\Happy_08.wav,0,14,0
Male\Speaker_14\Happy\Happy_09.wav,0,14,0
Male\Speaker_14\Happy\Happy_10.wav,0,14,0
Male\Speaker_14\Happy\Happy_11.wav,0,14,0
Male\Speaker_14\Happy\Happy_12.wav,0,14,0
Male\Speaker_14\Happy\Happy_13.wav,0,14,0
Male\Speaker_14\Happy\Happy_14.wav,0,14,0
Male\Speaker_14\Happy\Happy_15.wav,0,14,0
Male\Speaker_14\Happy\Happy_16.wav,0,14,0
Male\Speaker_14\Happy\Happy_17.wav,0,14,0
Male\Speaker_14\Happy\Happy_18.wav,0,14,0
Male\Speaker_14\Happy\Happy_19.wav,0,14,0
Male\Speaker_14\Happy\Happy_20.wav,0,14,0
Male\Speaker_14\Neutral\Neutral_01.wav,3,14,0
Male\Speaker_14\Neutral\Neutral_02.wav,3,14,0
Male\Speaker_14\Neutral\Neutral_03.wav,3,14,0
Male\Speaker_14\Neutral\Neutral_04.wav,3,14,0
Male\Speaker_14\Neutral\Neutral_05.wav,3,14,0
Male\Speaker_14\Neutral\Neutral_06.wav,3,14,0
Male\Speaker_14\Neutral\Neutral_07.wav,3,14,0
Male\Speaker_14\Neutral\Neutral_08.wav,3,14,0
Male\Speaker_14\Neutral\Neutral_09.wav,3,14,0
Male\Speaker_14\Neutral\Neutral_10.wav,3,14,0
Male\Speaker_14\Neutral\Neutral_11.wav,3,14,0
Male\Speaker_14\Neutral\Neutral_12.wav,3,14,0
Male\Speaker_14\Neutral\Neutral_13.wav,3,14,0
Male\Speaker_14\Neutral\Neutral_14.wav,3,14,0
Male\Speaker_14\Neutral\Neutral_15.wav,3,14,0
Male\Speaker_14\Neutral\Neutral_16.wav,3,14,0
Male\Speaker_14\Neutral\Neutral_17.wav,3,14,0
Male\Speaker_14\Neutral\Neutral_18.wav,3,14,0
Male\Speaker_14\Neutral\Neutral_19.wav,3,14,0
Male\Speaker_14\Neutral\Neutral_20.wav,3,14,0
Male\Speaker_14\Sad\Sad_01.wav,1,14,0
Male\Speaker_14\Sad\Sad_02.wav,1,14,0
Male\Speaker_14\Sad\Sad_03.wav,1,14,0
Male\Speaker_14\Sad\Sad_04.wav,1,14,0
Male\Speaker_14\Sad\Sad_05.wav,1,14,0
Male\Speaker_14\Sad\Sad_06.wav,1,14,0
Male\Speaker_14\Sad\Sad_07.wav,1,14,0
Male\Speaker_14\Sad\Sad_08.wav,1,14,0
Male\Speaker_14\Sad\Sad_09.wav,1,14,0
Male\Speaker_14\Sad\Sad_10.wav,1,14,0
Male\Speaker_14\Sad\Sad_11.wav,1,14,0
Male\Speaker_14\Sad\Sad_12.wav,1,14,0
Male\Speaker_14\Sad\Sad_13.wav,1,14,0
Male\Speaker_14\Sad\Sad_14.wav,1,14,0
Male\Speaker_14\Sad\Sad_15.wav,1,14,0
Male\Speaker_14\Sad\Sad_16.wav,1,14,0
Male\Speaker_14\Sad\Sad_17.wav,1,14,0
Male\Speaker_14\Sad\Sad_18.wav,1,14,0
Male\Speaker_14\Sad\Sad_19.wav,1,14,0
Male\Speaker_14\Sad\Sad_20.wav,1,14,0
Male\Speaker_15\Angry\Angry_01.wav,2,15,0
Male\Speaker_15\Angry\Angry_02.wav,2,15,0
Male\Speaker_15\Angry\Angry_03.wav,2,15,0
Male\Speaker_15\Angry\Angry_04.wav,2,15,0
Male\Speaker_15\Angry\Angry_05.wav,2,15,0
Male\Speaker_15\Angry\Angry_06.wav,2,15,0
Male\Speaker_15\Angry\Angry_07.wav,2,15,0
Male\Speaker_15\Angry\Angry_08.wav,2,15,0
Male\Speaker_15\Angry\Angry_09.wav,2,15,0
Male\Speaker_15\Angry\Angry_10.wav,2,15,0
Male\Speaker_15\Angry\Angry_11.wav,2,15,0
Male\Speaker_15\Angry\Angry_12.wav,2,15,0
Male\Speaker_15\Angry\Angry_13.wav,2,15,0
Male\Speaker_15\Angry\Angry_14.wav,2,15,0
Male\Speaker_15\Angry\Angry_15.wav,2,15,0
Male\Speaker_15\Angry\Angry_16.wav,2,15,0
Male\Speaker_15\Angry\Angry_17.wav,2,15,0
Male\Speaker_15\Angry\Angry_18.wav,2,15,0
Male\Speaker_15\Angry\Angry_19.wav,2,15,0
Male\Speaker_15\Angry\Angry_20.wav,2,15,0
Male\Speaker_15\Happy\Happy_01.wav,0,15,0
Male\Speaker_15\Happy\Happy_02.wav,0,15,0
Male\Speaker_15\Happy\Happy_03.wav,0,15,0
Male\Speaker_15\Happy\Happy_04.wav,0,15,0
Male\Speaker_15\Happy\Happy_05.wav,0,15,0
Male\Speaker_15\Happy\Happy_06.wav,0,15,0
Male\Speaker_15\Happy\Happy_07.wav,0,15,0
Male\Speaker_15\Happy\Happy_08.wav,0,15,0
Male\Speaker_15\Happy\Happy_09.wav,0,15,0
Male\Speaker_15\Happy\Happy_10.wav,0,15,0
Male\Speaker_15\Happy\Happy_11.wav,0,15,0
Male\Speaker_15\Happy\Happy_12.wav,0,15,0
Male\Speaker_15\Happy\Happy_13.wav,0,15,0
Male\Speaker_15\Happy\Happy_14.wav,0,15,0
Male\Speaker_15\Happy\Happy_15.wav,0,15,0
Male\Speaker_15\Happy\Happy_16.wav,0,15,0
Male\Speaker_15\Happy\Happy_17.wav,0,15,0
Male\Speaker_15\Happy\Happy_18.wav,0,15,0
Male\Speaker_15\Neutral\Neutral_01.wav,3,15,0
Male\Speaker_15\Neutral\Neutral_02.wav,3,15,0
Male\Speaker_15\Neutral\Neutral_03.wav,3,15,0
Male\Speaker_15\Neutral\Neutral_04.wav,3,15,0
Male\Speaker_15\Neutral\Neutral_05.wav,3,15,0
Male\Speaker_15\Neutral\Neutral_06.wav,3,15,0
Male\Speaker_15\Neutral\Neutral_07.wav,3,15,0
Male\Speaker_15\Neutral\Neutral_08.wav,3,15,0
Male\Speaker_15\Neutral\Neutral_09.wav,3,15,0
Male\Speaker_15\Neutral\Neutral_10.wav,3,15,0
Male\Speaker_15\Neutral\Neutral_11.wav,3,15,0
Male\Speaker_15\Neutral\Neutral_12.wav,3,15,0
Male\Speaker_15\Neutral\Neutral_13.wav,3,15,0
Male\Speaker_15\Neutral\Neutral_14.wav,3,15,0
Male\Speaker_15\Neutral\Neutral_15.wav,3,15,0
Male\Speaker_15\Neutral\Neutral_16.wav,3,15,0
Male\Speaker_15\Neutral\Neutral_17.wav,3,15,0
Male\Speaker_15\Neutral\Neutral_18.wav,3,15,0
Male\Speaker_15\Neutral\Neutral_19.wav,3,15,0
Male\Speaker_15\Neutral\Neutral_20.wav,3,15,0
Male\Speaker_15\Sad\Sad_01.wav,1,15,0
Male\Speaker_15\Sad\Sad_02.wav,1,15,0
Male\Speaker_15\Sad\Sad_03.wav,1,15,0
Male\Speaker_15\Sad\Sad_04.wav,1,15,0
Male\Speaker_15\Sad\Sad_05.wav,1,15,0
Male\Speaker_15\Sad\Sad_06.wav,1,15,0
Male\Speaker_15\Sad\Sad_07.wav,1,15,0
Male\Speaker_15\Sad\Sad_08.wav,1,15,0
Male\Speaker_15\Sad\Sad_09.wav,1,15,0
Male\Speaker_15\Sad\Sad_10.wav,1,15,0
Male\Speaker_15\Sad\Sad_11.wav,1,15,0
Male\Speaker_15\Sad\Sad_12.wav,1,15,0
Male\Speaker_15\Sad\Sad_13.wav,1,15,0
Male\Speaker_15\Sad\Sad_14.wav,1,15,0
Male\Speaker_15\Sad\Sad_15.wav,1,15,0
Male\Speaker_15\Sad\Sad_16.wav,1,15,0
Male\Speaker_15\Sad\Sad_17.wav,1,15,0
Male\Speaker_15\Sad\Sad_18.wav,1,15,0
Male\Speaker_15\Sad\Sad_19.wav,1,15,0
Male\Speaker_15\Sad\Sad_20.wav,1,15,0
Male\Speaker_16\Angry\Angry_01.wav,2,16,0
Male\Speaker_16\Angry\Angry_02.wav,2,16,0
Male\Speaker_16\Angry\Angry_03.wav,2,16,0
Male\Speaker_16\Angry\Angry_04.wav,2,16,0
Male\Speaker_16\Angry\Angry_05.wav,2,16,0
Male\Speaker_16\Angry\Angry_06.wav,2,16,0
Male\Speaker_16\Angry\Angry_07.wav,2,16,0
Male\Speaker_16\Angry\Angry_08.wav,2,16,0
Male\Speaker_16\Angry\Angry_09.wav,2,16,0
Male\Speaker_16\Angry\Angry_10.wav,2,16,0
Male\Speaker_16\Angry\Angry_11.wav,2,16,0
Male\Speaker_16\Angry\Angry_12.wav,2,16,0
Male\Speaker_16\Angry\Angry_13.wav,2,16,0
Male\Speaker_16\Angry\Angry_14.wav,2,16,0
Male\Speaker_16\Angry\Angry_15.wav,2,16,0
Male\Speaker_16\Angry\Angry_16.wav,2,16,0
Male\Speaker_16\Angry\Angry_17.wav,2,16,0
Male\Speaker_16\Angry\Angry_18.wav,2,16,0
Male\Speaker_16\Angry\Angry_19.wav,2,16,0
Male\Speaker_16\Angry\Angry_20.wav,2,16,0
Male\Speaker_16\Angry\Angry_21.wav,2,16,0
Male\Speaker_16\Angry\Angry_22.wav,2,16,0
Male\Speaker_16\Angry\Angry_23.wav,2,16,0
Male\Speaker_16\Angry\Angry_24.wav,2,16,0
Male\Speaker_16\Angry\Angry_25.wav,2,16,0
Male\Speaker_16\Angry\Angry_26.wav,2,16,0
Male\Speaker_16\Angry\Angry_27.wav,2,16,0
Male\Speaker_16\Angry\Angry_28.wav,2,16,0
Male\Speaker_16\Angry\Angry_29.wav,2,16,0
Male\Speaker_16\Angry\Angry_30.wav,2,16,0
Male\Speaker_16\Angry\Angry_31.wav,2,16,0
Male\Speaker_16\Angry\Angry_32.wav,2,16,0
Male\Speaker_16\Angry\Angry_33.wav,2,16,0
Male\Speaker_16\Angry\Angry_34.wav,2,16,0
Male\Speaker_16\Angry\Angry_35.wav,2,16,0
Male\Speaker_16\Angry\Angry_36.wav,2,16,0
Male\Speaker_16\Happy\Happy_01.wav,0,16,0
Male\Speaker_16\Happy\Happy_02.wav,0,16,0
Male\Speaker_16\Happy\Happy_03.wav,0,16,0
Male\Speaker_16\Happy\Happy_04.wav,0,16,0
Male\Speaker_16\Happy\Happy_05.wav,0,16,0
Male\Speaker_16\Happy\Happy_06.wav,0,16,0
Male\Speaker_16\Happy\Happy_07.wav,0,16,0
Male\Speaker_16\Happy\Happy_08.wav,0,16,0
Male\Speaker_16\Happy\Happy_09.wav,0,16,0
Male\Speaker_16\Happy\Happy_10.wav,0,16,0
Male\Speaker_16\Happy\Happy_11.wav,0,16,0
Male\Speaker_16\Happy\Happy_12.wav,0,16,0
Male\Speaker_16\Happy\Happy_13.wav,0,16,0
Male\Speaker_16\Happy\Happy_14.wav,0,16,0
Male\Speaker_16\Happy\Happy_15.wav,0,16,0
Male\Speaker_16\Happy\Happy_16.wav,0,16,0
Male\Speaker_16\Happy\Happy_17.wav,0,16,0
Male\Speaker_16\Happy\Happy_18.wav,0,16,0
Male\Speaker_16\Happy\Happy_19.wav,0,16,0
Male\Speaker_16\Happy\Happy_20.wav,0,16,0
Male\Speaker_16\Happy\Happy_21.wav,0,16,0
Male\Speaker_16\Happy\Happy_22.wav,0,16,0
Male\Speaker_16\Happy\Happy_23.wav,0,16,0
Male\Speaker_16\Happy\Happy_24.wav,0,16,0
Male\Speaker_16\Happy\Happy_25.wav,0,16,0
Male\Speaker_16\Happy\Happy_26.wav,0,16,0
Male\Speaker_16\Happy\Happy_27.wav,0,16,0
Male\Speaker_16\Happy\Happy_28.wav,0,16,0
Male\Speaker_16\Happy\Happy_29.wav,0,16,0
Male\Speaker_16\Happy\Happy_30.wav,0,16,0
Male\Speaker_16\Happy\Happy_31.wav,0,16,0
Male\Speaker_16\Happy\Happy_32.wav,0,16,0
Male\Speaker_16\Happy\Happy_33.wav,0,16,0
Male\Speaker_16\Happy\Happy_34.wav,0,16,0
Male\Speaker_16\Happy\Happy_35.wav,0,16,0
Male\Speaker_16\Happy\Happy_36.wav,0,16,0
Male\Speaker_16\Happy\Happy_37.wav,0,16,0
Male\Speaker_16\Happy\Happy_38.wav,0,16,0
Male\Speaker_16\Happy\Happy_39.wav,0,16,0
Male\Speaker_16\Happy\Happy_40.wav,0,16,0
Male\Speaker_16\Happy\Happy_41.wav,0,16,0
Male\Speaker_16\Happy\Happy_42.wav,0,16,0
Male\Speaker_16\Neutral\Neutral_01.wav,3,16,0
Male\Speaker_16\Neutral\Neutral_02.wav,3,16,0
Male\Speaker_16\Neutral\Neutral_03.wav,3,16,0
Male\Speaker_16\Neutral\Neutral_04.wav,3,16,0
Male\Speaker_16\Neutral\Neutral_05.wav,3,16,0
Male\Speaker_16\Neutral\Neutral_06.wav,3,16,0
Male\Speaker_16\Neutral\Neutral_07.wav,3,16,0
Male\Speaker_16\Neutral\Neutral_08.wav,3,16,0
Male\Speaker_16\Neutral\Neutral_09.wav,3,16,0
Male\Speaker_16\Neutral\Neutral_10.wav,3,16,0
Male\Speaker_16\Neutral\Neutral_11.wav,3,16,0
Male\Speaker_16\Neutral\Neutral_12.wav,3,16,0
Male\Speaker_16\Neutral\Neutral_13.wav,3,16,0
Male\Speaker_16\Neutral\Neutral_14.wav,3,16,0
Male\Speaker_16\Neutral\Neutral_15.wav,3,16,0
Male\Speaker_16\Neutral\Neutral_16.wav,3,16,0
Male\Speaker_16\Neutral\Neutral_17.wav,3,16,0
Male\Speaker_16\Neutral\Neutral_18.wav,3,16,0
Male\Speaker_16\Neutral\Neutral_19.wav,3,16,0
Male\Speaker_16\Neutral\Neutral_20.wav,3,16,0
Male\Speaker_16\Neutral\Neutral_21.wav,3,16,0
Male\Speaker_16\Neutral\Neutral_22.wav,3,16,0
Male\Speaker_16\Neutral\Neutral_23.wav,3,16,0
Male\Speaker_16\Neutral\Neutral_24.wav,3,16,0
Male\Speaker_16\Neutral\Neutral_25.wav,3,16,0
Male\Speaker_16\Sad\Sad_01.wav,1,16,0
Male\Speaker_16\Sad\Sad_02.wav,1,16,0
Male\Speaker_16\Sad\Sad_03.wav,1,16,0
Male\Speaker_16\Sad\Sad_04.wav,1,16,0
Male\Speaker_16\Sad\Sad_05.wav,1,16,0
Male\Speaker_16\Sad\Sad_06.wav,1,16,0
Male\Speaker_16\Sad\Sad_07.wav,1,16,0
Male\Speaker_16\Sad\Sad_08.wav,1,16,0
Male\Speaker_16\Sad\Sad_09.wav,1,16,0
Male\Speaker_16\Sad\Sad_10.wav,1,16,0
Male\Speaker_16\Sad\Sad_11.wav,1,16,0
Male\Speaker_16\Sad\Sad_12.wav,1,16,0
Male\Speaker_16\Sad\Sad_13.wav,1,16,0
Male\Speaker_16\Sad\Sad_14.wav,1,16,0
Male\Speaker_16\Sad\Sad_15.wav,1,16,0
Male\Speaker_16\Sad\Sad_16.wav,1,16,0
Male\Speaker_16\Sad\Sad_17.wav,1,16,0
Male\Speaker_16\Sad\Sad_18.wav,1,16,0
Male\Speaker_16\Sad\Sad_19.wav,1,16,0
Male\Speaker_16\Sad\Sad_20.wav,1,16,0
Male\Speaker_16\Sad\Sad_21.wav,1,16,0
Male\Speaker_16\Sad\Sad_22.wav,1,16,0
Male\Speaker_16\Sad\Sad_23.wav,1,16,0
Male\Speaker_16\Sad\Sad_24.wav,1,16,0
Male\Speaker_16\Sad\Sad_25.wav,1,16,0
Male\Speaker_17\Angry\Angry_01.wav,2,17,0
Male\Speaker_17\Angry\Angry_02.wav,2,17,0
Male\Speaker_17\Angry\Angry_03.wav,2,17,0
Male\Speaker_17\Angry\Angry_04.wav,2,17,0
Male\Speaker_17\Angry\Angry_05.wav,2,17,0
Male\Speaker_17\Angry\Angry_06.wav,2,17,0
Male\Speaker_17\Angry\Angry_07.wav,2,17,0
Male\Speaker_17\Angry\Angry_08.wav,2,17,0
Male\Speaker_17\Angry\Angry_09.wav,2,17,0
Male\Speaker_17\Angry\Angry_10.wav,2,17,0
Male\Speaker_17\Angry\Angry_11.wav,2,17,0
Male\Speaker_17\Angry\Angry_12.wav,2,17,0
Male\Speaker_17\Angry\Angry_13.wav,2,17,0
Male\Speaker_17\Angry\Angry_14.wav,2,17,0
Male\Speaker_17\Angry\Angry_15.wav,2,17,0
Male\Speaker_17\Angry\Angry_16.wav,2,17,0
Male\Speaker_17\Angry\Angry_17.wav,2,17,0
Male\Speaker_17\Angry\Angry_18.wav,2,17,0
Male\Speaker_17\Angry\Angry_19.wav,2,17,0
Male\Speaker_17\Angry\Angry_20.wav,2,17,0
Male\Speaker_17\Angry\Angry_21.wav,2,17,0
Male\Speaker_17\Angry\Angry_22.wav,2,17,0
Male\Speaker_17\Angry\Angry_23.wav,2,17,0
Male\Speaker_17\Angry\Angry_24.wav,2,17,0
Male\Speaker_17\Angry\Angry_25.wav,2,17,0
Male\Speaker_17\Angry\Angry_26.wav,2,17,0
Male\Speaker_17\Angry\Angry_27.wav,2,17,0
Male\Speaker_17\Angry\Angry_28.wav,2,17,0
Male\Speaker_17\Angry\Angry_29.wav,2,17,0
Male\Speaker_17\Angry\Angry_30.wav,2,17,0
Male\Speaker_17\Angry\Angry_31.wav,2,17,0
Male\Speaker_17\Angry\Angry_32.wav,2,17,0
Male\Speaker_17\Angry\Angry_33.wav,2,17,0
Male\Speaker_17\Angry\Angry_34.wav,2,17,0
Male\Speaker_17\Angry\Angry_35.wav,2,17,0
Male\Speaker_17\Angry\Angry_36.wav,2,17,0
Male\Speaker_17\Angry\Angry_37.wav,2,17,0
Male\Speaker_17\Angry\Angry_38.wav,2,17,0
Male\Speaker_17\Angry\Angry_39.wav,2,17,0
Male\Speaker_18\Sad\Sad_01.wav,1,18,0
Male\Speaker_18\Sad\Sad_02.wav,1,18,0
Male\Speaker_18\Sad\Sad_03.wav,1,18,0
Male\Speaker_18\Sad\Sad_04.wav,1,18,0
Male\Speaker_18\Sad\Sad_05.wav,1,18,0
Male\Speaker_18\Sad\Sad_06.wav,1,18,0
Male\Speaker_18\Sad\Sad_07.wav,1,18,0
Male\Speaker_18\Sad\Sad_08.wav,1,18,0
Male\Speaker_18\Sad\Sad_09.wav,1,18,0
Male\Speaker_18\Sad\Sad_10.wav,1,18,0
Male\Speaker_18\Sad\Sad_11.wav,1,18,0
Male\Speaker_18\Sad\Sad_12.wav,1,18,0
Male\Speaker_18\Sad\Sad_13.wav,1,18,0
Male\Speaker_18\Sad\Sad_14.wav,1,18,0
Male\Speaker_18\Sad\Sad_15.wav,1,18,0
Male\Speaker_18\Sad\Sad_16.wav,1,18,0
Male\Speaker_18\Sad\Sad_17.wav,1,18,0
Male\Speaker_18\Sad\Sad_18.wav,1,18,0
Male\Speaker_18\Sad\Sad_19.wav,1,18,0
Male\Speaker_18\Sad\Sad_20.wav,1,18,0
Male\Speaker_18\Sad\Sad_21.wav,1,18,0
Male\Speaker_18\Sad\Sad_22.wav,1,18,0
Male\Speaker_18\Sad\Sad_23.wav,1,18,0
Male\Speaker_18\Sad\Sad_24.wav,1,18,0
Male\Speaker_18\Sad\Sad_25.wav,1,18,0
Male\Speaker_18\Sad\Sad_26.wav,1,18,0
Male\Speaker_18\Sad\Sad_27.wav,1,18,0
Male\Speaker_18\Sad\Sad_28.wav,1,18,0
Male\Speaker_19\Angry\Angry_01.wav,2,19,0
Male\Speaker_19\Angry\Angry_02.wav,2,19,0
Male\Speaker_19\Angry\Angry_03.wav,2,19,0
Male\Speaker_19\Angry\Angry_04.wav,2,19,0
Male\Speaker_19\Angry\Angry_05.wav,2,19,0
Male\Speaker_19\Angry\Angry_06.wav,2,19,0
Male\Speaker_19\Angry\Angry_07.wav,2,19,0
Male\Speaker_19\Angry\Angry_08.wav,2,19,0
Male\Speaker_19\Angry\Angry_09.wav,2,19,0
Male\Speaker_19\Angry\Angry_10.wav,2,19,0
Male\Speaker_19\Angry\Angry_11.wav,2,19,0
Male\Speaker_19\Angry\Angry_12.wav,2,19,0
Male\Speaker_19\Angry\Angry_13.wav,2,19,0
Male\Speaker_19\Angry\Angry_14.wav,2,19,0
Male\Speaker_19\Angry\Angry_15.wav,2,19,0
Male\Speaker_19\Angry\Angry_16.wav,2,19,0
Male\Speaker_19\Angry\Angry_17.wav,2,19,0
Male\Speaker_19\Angry\Angry_18.wav,2,19,0
Male\Speaker_19\Angry\Angry_19.wav,2,19,0
Male\Speaker_19\Angry\Angry_20.wav,2,19,0
Male\Speaker_19\Angry\Angry_21.wav,2,19,0
Male\Speaker_19\Angry\Angry_22.wav,2,19,0
Male\Speaker_19\Angry\Angry_23.wav,2,19,0
Male\Speaker_19\Angry\Angry_24.wav,2,19,0
Male\Speaker_19\Angry\Angry_25.wav,2,19,0
Male\Speaker_19\Neutral\Neutral_01.wav,3,19,0
Male\Speaker_19\Neutral\Neutral_02.wav,3,19,0
Male\Speaker_19\Neutral\Neutral_03.wav,3,19,0
Male\Speaker_19\Neutral\Neutral_04.wav,3,19,0
Male\Speaker_19\Neutral\Neutral_05.wav,3,19,0
Male\Speaker_19\Neutral\Neutral_06.wav,3,19,0
Male\Speaker_19\Neutral\Neutral_07.wav,3,19,0
Male\Speaker_19\Neutral\Neutral_08.wav,3,19,0
Male\Speaker_19\Neutral\Neutral_09.wav,3,19,0
Male\Speaker_19\Neutral\Neutral_10.wav,3,19,0
Male\Speaker_19\Neutral\Neutral_11.wav,3,19,0
Male\Speaker_19\Neutral\Neutral_12.wav,3,19,0
Male\Speaker_19\Neutral\Neutral_13.wav,3,19,0
Male\Speaker_19\Neutral\Neutral_14.wav,3,19,0
Male\Speaker_19\Neutral\Neutral_15.wav,3,19,0
Male\Speaker_19\Neutral\Neutral_16.wav,3,19,0
Male\Speaker_19\Neutral\Neutral_17.wav,3,19,0
Male\Speaker_19\Neutral\Neutral_18.wav,3,19,0
Male\Speaker_19\Neutral\Neutral_19.wav,3,19,0
Male\Speaker_19\Neutral\Neutral_20.wav,3,19,0
Male\Speaker_19\Neutral\Neutral_21.wav,3,19,0
Male\Speaker_19\Neutral\Neutral_22.wav,3,19,0
Male\Speaker_19\Neutral\Neutral_23.wav,3,19,0
Male\Speaker_19\Neutral\Neutral_24.wav,3,19,0
Male\Speaker_19\Neutral\Neutral_25.wav,3,19,0
Male\Speaker_19\Neutral\Neutral_26.wav,3,19,0
Male\Speaker_19\Neutral\Neutral_27.wav,3,19,0
Male\Speaker_19\Neutral\Neutral_28.wav,3,19,0
Male\Speaker_19\Neutral\Neutral_29.wav,3,19,0
Male\Speaker_19\Neutral\Neutral_30.wav,3,19,0
Male\Speaker_19\Neutral\Neutral_31.wav,3,19,0
Male\Speaker_19\Neutral\Neutral_32.wav,3,19,0
Male\Speaker_19\Neutral\Neutral_33.wav,3,19,0
Male\Speaker_19\Neutral\Neutral_34.wav,3,19,0
Male\Speaker_19\Neutral\Neutral_35.wav,3,19,0
Male\Speaker_19\Neutral\Neutral_36.wav,3,19,0
Male\Speaker_19\Neutral\Neutral_37.wav,3,19,0
Male\Speaker_19\Neutral\Neutral_38.wav,3,19,0
Male\Speaker_19\Neutral\Neutral_39.wav,3,19,0
Male\Speaker_19\Neutral\Neutral_40.wav,3,19,0
Male\Speaker_19\Neutral\Neutral_41.wav,3,19,0
Male\Speaker_19\Neutral\Neutral_42.wav,3,19,0
Male\Speaker_19\Neutral\Neutral_43.wav,3,19,0
Male\Speaker_19\Neutral\Neutral_44.wav,3,19,0
Male\Speaker_19\Neutral\Neutral_45.wav,3,19,0
Male\Speaker_19\Neutral\Neutral_46.wav,3,19,0
Male\Speaker_19\Neutral\Neutral_47.wav,3,19,0
Male\Speaker_19\Neutral\Neutral_48.wav,3,19,0
Male\Speaker_19\Neutral\Neutral_49.wav,3,19,0
Male\Speaker_19\Neutral\Neutral_50.wav,3,19,0
Male\Speaker_19\Neutral\Neutral_51.wav,3,19,0
Male\Speaker_19\Neutral\Neutral_52.wav,3,19,0
Male\Speaker_19\Neutral\Neutral_53.wav,3,19,0
Male\Speaker_19\Neutral\Neutral_54.wav,3,19,0
Male\Speaker_19\Neutral\Neutral_55.wav,3,19,0
Male\Speaker_19\Neutral\Neutral_56.wav,3,19,0
Male\Speaker_19\Neutral\Neutral_57.wav,3,19,0
Male\Speaker_19\Neutral\Neutral_58.wav,3,19,0
Male\Speaker_19\Neutral\Neutral_59.wav,3,19,0
Male\Speaker_19\Neutral\Neutral_60.wav,3,19,0
Male\Speaker_19\Neutral\Neutral_61.wav,3,19,0
Male\Speaker_19\Neutral\Neutral_62.wav,3,19,0
Male\Speaker_19\Neutral\Neutral_63.wav,3,19,0
Male\Speaker_19\Neutral\Neutral_64.wav,3,19,0
Male\Speaker_19\Neutral\Neutral_65.wav,3,19,0
Male\Speaker_19\Neutral\Neutral_66.wav,3,19,0
Male\Speaker_19\Neutral\Neutral_67.wav,3,19,0
Male\Speaker_19\Neutral\Neutral_68.wav,3,19,0
Male\Speaker_19\Neutral\Neutral_69.wav,3,19,0
Male\Speaker_19\Neutral\Neutral_70.wav,3,19,0
Male\Speaker_19\Neutral\Neutral_71.wav,3,19,0
Male\Speaker_19\Neutral\Neutral_72.wav,3,19,0
Male\Speaker_19\Neutral\Neutral_73.wav,3,19,0
Male\Speaker_19\Neutral\Neutral_74.wav,3,19,0
Male\Speaker_19\Neutral\Neutral_75.wav,3,19,0
Male\Speaker_19\Neutral\Neutral_76.wav,3,19,0
Male\Speaker_19\Neutral\Neutral_77.wav,3,19,0
Male\Speaker_19\Neutral\Neutral_78.wav,3,19,0
Male\Speaker_19\Neutral\Neutral_79.wav,3,19,0
Male\Speaker_19\Neutral\Neutral_80.wav,3,19,0
Male\Speaker_19\Neutral\Neutral_81.wav,3,19,0
Male\Speaker_19\Neutral\Neutral_82.wav,3,19,0
Male\Speaker_19\Neutral\Neutral_83.wav,3,19,0
Male\Speaker_20\Happy\Happy_01.wav,0,20,0
Male\Speaker_20\Happy\Happy_02.wav,0,20,0
Male\Speaker_20\Happy\Happy_03.wav,0,20,0
Male\Speaker_20\Happy\Happy_04.wav,0,20,0
Male\Speaker_20\Happy\Happy_05.wav,0,20,0
Male\Speaker_20\Happy\Happy_06.wav,0,20,0
Male\Speaker_20\Happy\Happy_07.wav,0,20,0
Male\Speaker_20\Happy\Happy_08.wav,0,20,0
Male\Speaker_20\Happy\Happy_09.wav,0,20,0
Male\Speaker_20\Happy\Happy_10.wav,0,20,0
Male\Speaker_20\Happy\Happy_11.wav,0,20,0
Male\Speaker_20\Happy\Happy_12.wav,0,20,0
Male\Speaker_20\Happy\Happy_13.wav,0,20,0
Male\Speaker_20\Happy\Happy_14.wav,0,20,0
Male\Speaker_20\Happy\Happy_15.wav,0,20,0
Male\Speaker_20\Happy\Happy_16.wav,0,20,0
Male\Speaker_20\Happy\Happy_17.wav,0,20,0
Male\Speaker_20\Happy\Happy_18.wav,0,20,0
Male\Speaker_20\Happy\Happy_19.wav,0,20,0
Male\Speaker_20\Happy\Happy_20.wav,0,20,0
Male\Speaker_20\Happy\Happy_21.wav,0,20,0
Male\Speaker_20\Happy\Happy_22.wav,0,20,0
Male\Speaker_20\Happy\Happy_23.wav,0,20,0
Male\Speaker_20\Happy\Happy_24.wav,0,20,0
Male\Speaker_20\Happy\Happy_25.wav,0,20,0
Male\Speaker_20\Happy\Happy_26.wav,0,20,0
Male\Speaker_20\Happy\Happy_27.wav,0,20,0
Male\Speaker_20\Happy\Happy_28.wav,0,20,0
Male\Speaker_20\Happy\Happy_29.wav,0,20,0
Male\Speaker_20\Happy\Happy_30.wav,0,20,0
Male\Speaker_20\Happy\Happy_31.wav,0,20,0
Male\Speaker_20\Happy\Happy_32.wav,0,20,0
Male\Speaker_20\Happy\Happy_33.wav,0,20,0
Male\Speaker_20\Happy\Happy_34.wav,0,20,0
Male\Speaker_20\Happy\Happy_35.wav,0,20,0
Male\Speaker_20\Happy\Happy_36.wav,0,20,0
Male\Speaker_20\Happy\Happy_37.wav,0,20,0
Male\Speaker_20\Happy\Happy_38.wav,0,20,0
Male\Speaker_20\Happy\Happy_39.wav,0,20,0
Male\Speaker_20\Happy\Happy_40.wav,0,20,0
Male\Speaker_20\Happy\Happy_41.wav,0,20,0
Male\Speaker_20\Happy\Happy_42.wav,0,20,0
Male\Speaker_20\Happy\Happy_43.wav,0,20,0
Male\Speaker_20\Happy\Happy_44.wav,0,20,0
Male\Speaker_20\Happy\Happy_45.wav,0,20,0
Male\Speaker_20\Happy\Happy_46.wav,0,20,0
Male\Speaker_20\Happy\Happy_47.wav,0,20,0
Male\Speaker_20\Happy\Happy_48.wav,0,20,0
Male\Speaker_20\Happy\Happy_49.wav,0,20,0
Male\Speaker_20\Happy\Happy_50.wav,0,20,0
Male\Speaker_21\Angry\Angry_01.wav,2,21,0
Male\Speaker_21\Angry\Angry_02.wav,2,21,0
Male\Speaker_21\Angry\Angry_03.wav,2,21,0
Male\Speaker_21\Angry\Angry_04.wav,2,21,0
Male\Speaker_21\Angry\Angry_05.wav,2,21,0
Male\Speaker_21\Angry\Angry_06.wav,2,21,0
Male\Speaker_21\Angry\Angry_07.wav,2,21,0
Male\Speaker_21\Angry\Angry_08.wav,2,21,0
Male\Speaker_21\Angry\Angry_09.wav,2,21,0
Male\Speaker_21\Angry\Angry_10.wav,2,21,0
Male\Speaker_21\Angry\Angry_11.wav,2,21,0
Male\Speaker_21\Angry\Angry_12.wav,2,21,0
Male\Speaker_21\Angry\Angry_13.wav,2,21,0
Male\Speaker_21\Angry\Angry_14.wav,2,21,0
Male\Speaker_21\Angry\Angry_15.wav,2,21,0
Male\Speaker_21\Angry\Angry_16.wav,2,21,0
Male\Speaker_21\Angry\Angry_17.wav,2,21,0
Male\Speaker_21\Angry\Angry_18.wav,2,21,0
Male\Speaker_21\Angry\Angry_19.wav,2,21,0
Male\Speaker_21\Angry\Angry_20.wav,2,21,0
Male\Speaker_21\Angry\Angry_21.wav,2,21,0
Male\Speaker_21\Angry\Angry_22.wav,2,21,0
Male\Speaker_21\Angry\Angry_23.wav,2,21,0
Male\Speaker_21\Angry\Angry_24.wav,2,21,0
Male\Speaker_21\Angry\Angry_25.wav,2,21,0
Male\Speaker_21\Happy\Happy_01.wav,0,21,0
Male\Speaker_21\Happy\Happy_02.wav,0,21,0
Male\Speaker_21\Happy\Happy_03.wav,0,21,0
Male\Speaker_21\Happy\Happy_04.wav,0,21,0
Male\Speaker_21\Happy\Happy_05.wav,0,21,0
Male\Speaker_21\Happy\Happy_06.wav,0,21,0
Male\Speaker_21\Happy\Happy_07.wav,0,21,0
Male\Speaker_21\Happy\Happy_08.wav,0,21,0
Male\Speaker_21\Happy\Happy_09.wav,0,21,0
Male\Speaker_21\Happy\Happy_10.wav,0,21,0
Male\Speaker_21\Happy\Happy_11.wav,0,21,0
Male\Speaker_21\Happy\Happy_12.wav,0,21,0
Male\Speaker_21\Happy\Happy_13.wav,0,21,0
Male\Speaker_21\Happy\Happy_14.wav,0,21,0
Male\Speaker_21\Happy\Happy_15.wav,0,21,0
Male\Speaker_21\Happy\Happy_16.wav,0,21,0
Male\Speaker_21\Happy\Happy_17.wav,0,21,0
Male\Speaker_21\Happy\Happy_18.wav,0,21,0
Male\Speaker_21\Happy\Happy_19.wav,0,21,0
Male\Speaker_21\Happy\Happy_20.wav,0,21,0
Male\Speaker_21\Happy\Happy_21.wav,0,21,0
Male\Speaker_21\Happy\Happy_22.wav,0,21,0
Male\Speaker_21\Happy\Happy_23.wav,0,21,0
Male\Speaker_21\Happy\Happy_24.wav,0,21,0
Male\Speaker_21\Happy\Happy_25.wav,0,21,0
Male\Speaker_21\Neutral\Neutral_01.wav,3,21,0
Male\Speaker_21\Neutral\Neutral_02.wav,3,21,0
Male\Speaker_21\Neutral\Neutral_03.wav,3,21,0
Male\Speaker_21\Neutral\Neutral_04.wav,3,21,0
Male\Speaker_21\Neutral\Neutral_05.wav,3,21,0
Male\Speaker_21\Neutral\Neutral_06.wav,3,21,0
Male\Speaker_21\Neutral\Neutral_07.wav,3,21,0
Male\Speaker_21\Neutral\Neutral_08.wav,3,21,0
Male\Speaker_21\Neutral\Neutral_09.wav,3,21,0
Male\Speaker_21\Neutral\Neutral_10.wav,3,21,0
Male\Speaker_21\Neutral\Neutral_11.wav,3,21,0
Male\Speaker_21\Neutral\Neutral_12.wav,3,21,0
Male\Speaker_21\Neutral\Neutral_13.wav,3,21,0
Male\Speaker_21\Neutral\Neutral_14.wav,3,21,0
Male\Speaker_21\Neutral\Neutral_15.wav,3,21,0
Male\Speaker_21\Neutral\Neutral_16.wav,3,21,0
Male\Speaker_21\Neutral\Neutral_17.wav,3,21,0
Male\Speaker_21\Neutral\Neutral_18.wav,3,21,0
Male\Speaker_21\Neutral\Neutral_19.wav,3,21,0
Male\Speaker_21\Neutral\Neutral_20.wav,3,21,0
Male\Speaker_21\Neutral\Neutral_21.wav,3,21,0
Male\Speaker_21\Neutral\Neutral_22.wav,3,21,0
Male\Speaker_21\Neutral\Neutral_23.wav,3,21,0
Male\Speaker_21\Neutral\Neutral_24.wav,3,21,0
Male\Speaker_21\Neutral\Neutral_25.wav,3,21,0
Male\Speaker_21\Sad\Sad_01.wav,1,21,0
Male\Speaker_21\Sad\Sad_02.wav,1,21,0
Male\Speaker_21\Sad\Sad_03.wav,1,21,0
Male\Speaker_21\Sad\Sad_04.wav,1,21,0
Male\Speaker_21\Sad\Sad_05.wav,1,21,0
Male\Speaker_21\Sad\Sad_06.wav,1,21,0
Male\Speaker_21\Sad\Sad_07.wav,1,21,0
Male\Speaker_21\Sad\Sad_08.wav,1,21,0
Male\Speaker_21\Sad\Sad_09.wav,1,21,0
Male\Speaker_21\Sad\Sad_10.wav,1,21,0
Male\Speaker_21\Sad\Sad_11.wav,1,21,0
Male\Speaker_21\Sad\Sad_12.wav,1,21,0
Male\Speaker_21\Sad\Sad_13.wav,1,21,0
Male\Speaker_21\Sad\Sad_14.wav,1,21,0
Male\Speaker_21\Sad\Sad_15.wav,1,21,0
Male\Speaker_21\Sad\Sad_16.wav,1,21,0
Male\Speaker_21\Sad\Sad_17.wav,1,21,0
Male\Speaker_21\Sad\Sad_18.wav,1,21,0
Male\Speaker_21\Sad\Sad_19.wav,1,21,0
Male\Speaker_21\Sad\Sad_20.wav,1,21,0
Male\Speaker_21\Sad\Sad_21.wav,1,21,0
Male\Speaker_21\Sad\Sad_22.wav,1,21,0
Male\Speaker_21\Sad\Sad_23.wav,1,21,0
Male\Speaker_21\Sad\Sad_24.wav,1,21,0
Male\Speaker_21\Sad\Sad_25.wav,1,21,0
Male\Speaker_22\Happy\Happy_01.wav,0,22,0
Male\Speaker_22\Happy\Happy_02.wav,0,22,0
Male\Speaker_22\Happy\Happy_03.wav,0,22,0
Male\Speaker_22\Happy\Happy_04.wav,0,22,0
Male\Speaker_22\Happy\Happy_05.wav,0,22,0
Male\Speaker_22\Happy\Happy_06.wav,0,22,0
Male\Speaker_22\Happy\Happy_07.wav,0,22,0
Male\Speaker_22\Happy\Happy_08.wav,0,22,0
Male\Speaker_22\Happy\Happy_09.wav,0,22,0
Male\Speaker_22\Happy\Happy_10.wav,0,22,0
Male\Speaker_22\Happy\Happy_11.wav,0,22,0
Male\Speaker_22\Happy\Happy_12.wav,0,22,0
Male\Speaker_22\Happy\Happy_13.wav,0,22,0
Male\Speaker_22\Happy\Happy_14.wav,0,22,0
Male\Speaker_22\Happy\Happy_15.wav,0,22,0
Male\Speaker_22\Happy\Happy_16.wav,0,22,0
Male\Speaker_22\Happy\Happy_17.wav,0,22,0
Male\Speaker_22\Happy\Happy_18.wav,0,22,0
Male\Speaker_22\Happy\Happy_19.wav,0,22,0
Male\Speaker_22\Happy\Happy_20.wav,0,22,0
Male\Speaker_22\Happy\Happy_21.wav,0,22,0
Male\Speaker_22\Happy\Happy_22.wav,0,22,0
Male\Speaker_22\Happy\Happy_23.wav,0,22,0
Male\Speaker_22\Happy\Happy_24.wav,0,22,0
Male\Speaker_22\Happy\Happy_25.wav,0,22,0
Male\Speaker_22\Happy\Happy_26.wav,0,22,0
Male\Speaker_22\Happy\Happy_27.wav,0,22,0
Male\Speaker_22\Happy\Happy_28.wav,0,22,0
Male\Speaker_22\Happy\Happy_29.wav,0,22,0
Male\Speaker_22\Happy\Happy_30.wav,0,22,0
Male\Speaker_22\Happy\Happy_31.wav,0,22,0
Male\Speaker_22\Happy\Happy_32.wav,0,22,0
Male\Speaker_22\Happy\Happy_33.wav,0,22,0
Male\Speaker_22\Happy\Happy_34.wav,0,22,0
Male\Speaker_22\Happy\Happy_35.wav,0,22,0
Male\Speaker_22\Happy\Happy_36.wav,0,22,0
Male\Speaker_22\Happy\Happy_37.wav,0,22,0
Male\Speaker_22\Happy\Happy_38.wav,0,22,0
Male\Speaker_22\Happy\Happy_39.wav,0,22,0
Male\Speaker_22\Happy\Happy_40.wav,0,22,0
Male\Speaker_22\Happy\Happy_41.wav,0,22,0
Male\Speaker_22\Happy\Happy_42.wav,0,22,0
Male\Speaker_22\Happy\Happy_43.wav,0,22,0
Male\Speaker_22\Happy\Happy_44.wav,0,22,0
Male\Speaker_22\Happy\Happy_45.wav,0,22,0
Male\Speaker_22\Happy\Happy_46.wav,0,22,0
Male\Speaker_22\Happy\Happy_47.wav,0,22,0
Male\Speaker_22\Happy\Happy_48.wav,0,22,0
Male\Speaker_22\Happy\Happy_49.wav,0,22,0
Male\Speaker_22\Happy\Happy_50.wav,0,22,0
Male\Speaker_22\Happy\Happy_51.wav,0,22,0
Male\Speaker_22\Sad\Sad_01.wav,1,22,0
Male\Speaker_22\Sad\Sad_02.wav,1,22,0
Male\Speaker_22\Sad\Sad_03.wav,1,22,0
Male\Speaker_22\Sad\Sad_04.wav,1,22,0
Male\Speaker_22\Sad\Sad_05.wav,1,22,0
Male\Speaker_22\Sad\Sad_06.wav,1,22,0
Male\Speaker_22\Sad\Sad_07.wav,1,22,0
Male\Speaker_22\Sad\Sad_08.wav,1,22,0
Male\Speaker_22\Sad\Sad_09.wav,1,22,0
Male\Speaker_22\Sad\Sad_10.wav,1,22,0
Male\Speaker_22\Sad\Sad_11.wav,1,22,0
Male\Speaker_22\Sad\Sad_12.wav,1,22,0
Male\Speaker_22\Sad\Sad_13.wav,1,22,0
Male\Speaker_22\Sad\Sad_14.wav,1,22,0
Male\Speaker_22\Sad\Sad_15.wav,1,22,0
Male\Speaker_22\Sad\Sad_16.wav,1,22,0
Male\Speaker_22\Sad\Sad_17.wav,1,22,0
Male\Speaker_22\Sad\Sad_18.wav,1,22,0
Male\Speaker_22\Sad\Sad_19.wav,1,22,0
Male\Speaker_22\Sad\Sad_20.wav,1,22,0
Male\Speaker_22\Sad\Sad_21.wav,1,22,0
Male\Speaker_22\Sad\Sad_22.wav,1,22,0
Male\Speaker_22\Sad\Sad_23.wav,1,22,0
Male\Speaker_22\Sad\Sad_24.wav,1,22,0
Male\Speaker_22\Sad\Sad_25.wav,1,22,0
Male\Speaker_22\Sad\Sad_26.wav,1,22,0
Male\Speaker_22\Sad\Sad_27.wav,1,22,0
Male\Speaker_22\Sad\Sad_28.wav,1,22,0
Male\Speaker_22\Sad\Sad_29.wav,1,22,0
Male\Speaker_22\Sad\Sad_30.wav,1,22,0
Male\Speaker_22\Sad\Sad_31.wav,1,22,0
Male\Speaker_22\Sad\Sad_32.wav,1,22,0
Male\Speaker_22\Sad\Sad_33.wav,1,22,0
Male\Speaker_22\Sad\Sad_34.wav,1,22,0
Male\Speaker_22\Sad\Sad_35.wav,1,22,0
Male\Speaker_22\Sad\Sad_36.wav,1,22,0
Male\Speaker_22\Sad\Sad_37.wav,1,22,0
Male\Speaker_22\Sad\Sad_38.wav,1,22,0
Male\Speaker_22\Sad\Sad_39.wav,1,22,0
Male\Speaker_22\Sad\Sad_40.wav,1,22,0
Male\Speaker_22\Sad\Sad_41.wav,1,22,0
Male\Speaker_22\Sad\Sad_42.wav,1,22,0
Male\Speaker_22\Sad\Sad_43.wav,1,22,0
Male\Speaker_22\Sad\Sad_44.wav,1,22,0
Male\Speaker_22\Sad\Sad_45.wav,1,22,0
Male\Speaker_22\Sad\Sad_46.wav,1,22,0
Male\Speaker_22\Sad\Sad_47.wav,1,22,0
Male\Speaker_22\Sad\Sad_48.wav,1,22,0
Male\Speaker_22\Sad\Sad_49.wav,1,22,0
Male\Speaker_22\Sad\Sad_50.wav,1,22,0
Male\Speaker_22\Sad\Sad_51.wav,1,22,0
Male\Speaker_22\Sad\Sad_52.wav,1,22,0
Male\Speaker_22\Sad\Sad_53.wav,1,22,0
Male\Speaker_22\Sad\Sad_54.wav,1,22,0
Male\Speaker_22\Sad\Sad_55.wav,1,22,0
Male\Speaker_22\Sad\Sad_56.wav,1,22,0
Male\Speaker_22\Sad\Sad_57.wav,1,22,0
Male\Speaker_22\Sad\Sad_58.wav,1,22,0
Male\Speaker_22\Sad\Sad_59.wav,1,22,0
Male\Speaker_22\Sad\Sad_60.wav,1,22,0
Male\Speaker_22\Sad\Sad_61.wav,1,22,0
Male\Speaker_22\Sad\Sad_62.wav,1,22,0
Male\Speaker_22\Sad\Sad_63.wav,1,22,0
Male\Speaker_22\Sad\Sad_64.wav,1,22,0
Male\Speaker_22\Sad\Sad_65.wav,1,22,0
Male\Speaker_22\Sad\Sad_66.wav,1,22,0
Male\Speaker_22\Sad\Sad_67.wav,1,22,0
Female\Speaker_23\Angry\Angry_01.wav,2,23,1
Female\Speaker_23\Angry\Angry_02.wav,2,23,1
Female\Speaker_23\Angry\Angry_03.wav,2,23,1
Female\Speaker_23\Angry\Angry_04.wav,2,23,1
Female\Speaker_23\Angry\Angry_05.wav,2,23,1
Female\Speaker_23\Angry\Angry_06.wav,2,23,1
Female\Speaker_23\Angry\Angry_07.wav,2,23,1
Female\Speaker_23\Angry\Angry_08.wav,2,23,1
Female\Speaker_23\Angry\Angry_09.wav,2,23,1
Female\Speaker_23\Happy\Happy_01.wav,0,23,1
Female\Speaker_23\Happy\Happy_02.wav,0,23,1
Female\Speaker_23\Happy\Happy_03.wav,0,23,1
Female\Speaker_23\Happy\Happy_04.wav,0,23,1
Female\Speaker_23\Happy\Happy_05.wav,0,23,1
Female\Speaker_23\Happy\Happy_06.wav,0,23,1
Female\Speaker_23\Happy\Happy_07.wav,0,23,1
Female\Speaker_23\Happy\Happy_08.wav,0,23,1
Female\Speaker_23\Happy\Happy_09.wav,0,23,1
Female\Speaker_23\Happy\Happy_10.wav,0,23,1
Female\Speaker_23\Happy\Happy_11.wav,0,23,1
Female\Speaker_23\Happy\Happy_12.wav,0,23,1
Female\Speaker_23\Happy\Happy_13.wav,0,23,1
Female\Speaker_23\Happy\Happy_14.wav,0,23,1
Female\Speaker_23\Happy\Happy_15.wav,0,23,1
Female\Speaker_23\Neutral\Neutral_01.wav,3,23,1
Female\Speaker_23\Neutral\Neutral_02.wav,3,23,1
Female\Speaker_23\Neutral\Neutral_03.wav,3,23,1
Female\Speaker_23\Neutral\Neutral_04.wav,3,23,1
Female\Speaker_23\Neutral\Neutral_05.wav,3,23,1
Female\Speaker_23\Neutral\Neutral_06.wav,3,23,1
Female\Speaker_23\Neutral\Neutral_07.wav,3,23,1
Female\Speaker_23\Neutral\Neutral_08.wav,3,23,1
Female\Speaker_23\Neutral\Neutral_09.wav,3,23,1
Female\Speaker_23\Neutral\Neutral_10.wav,3,23,1
Female\Speaker_23\Neutral\Neutral_11.wav,3,23,1
Female\Speaker_23\Neutral\Neutral_12.wav,3,23,1
Female\Speaker_23\Neutral\Neutral_13.wav,3,23,1
Female\Speaker_23\Neutral\Neutral_14.wav,3,23,1
Female\Speaker_23\Neutral\Neutral_15.wav,3,23,1
Female\Speaker_23\Sad\Sad_01.wav,1,23,1
Female\Speaker_23\Sad\Sad_02.wav,1,23,1
Female\Speaker_23\Sad\Sad_03.wav,1,23,1
Female\Speaker_23\Sad\Sad_04.wav,1,23,1
Female\Speaker_23\Sad\Sad_05.wav,1,23,1
Female\Speaker_23\Sad\Sad_06.wav,1,23,1
Female\Speaker_23\Sad\Sad_07.wav,1,23,1
Female\Speaker_23\Sad\Sad_08.wav,1,23,1
Female\Speaker_23\Sad\Sad_09.wav,1,23,1
Female\Speaker_23\Sad\Sad_10.wav,1,23,1
Female\Speaker_23\Sad\Sad_11.wav,1,23,1
Female\Speaker_23\Sad\Sad_12.wav,1,23,1
Female\Speaker_23\Sad\Sad_13.wav,1,23,1
Female\Speaker_23\Sad\Sad_14.wav,1,23,1
Female\Speaker_23\Sad\Sad_15.wav,1,23,1
Female\Speaker_24\Angry\Angry_01.wav,2,24,1
Female\Speaker_24\Angry\Angry_02.wav,2,24,1
Female\Speaker_24\Angry\Angry_03.wav,2,24,1
Female\Speaker_24\Angry\Angry_04.wav,2,24,1
Female\Speaker_24\Angry\Angry_05.wav,2,24,1
Female\Speaker_24\Angry\Angry_06.wav,2,24,1
Female\Speaker_24\Angry\Angry_07.wav,2,24,1
Female\Speaker_24\Angry\Angry_08.wav,2,24,1
Female\Speaker_24\Angry\Angry_09.wav,2,24,1
Female\Speaker_24\Angry\Angry_10.wav,2,24,1
Female\Speaker_24\Angry\Angry_11.wav,2,24,1
Female\Speaker_24\Angry\Angry_12.wav,2,24,1
Female\Speaker_24\Angry\Angry_13.wav,2,24,1
Female\Speaker_24\Angry\Angry_14.wav,2,24,1
Female\Speaker_24\Angry\Angry_15.wav,2,24,1
Female\Speaker_24\Angry\Angry_16.wav,2,24,1
Female\Speaker_24\Angry\Angry_17.wav,2,24,1
Female\Speaker_24\Angry\Angry_18.wav,2,24,1
Female\Speaker_24\Angry\Angry_19.wav,2,24,1
Female\Speaker_24\Angry\Angry_20.wav,2,24,1
Female\Speaker_24\Angry\Angry_21.wav,2,24,1
Female\Speaker_24\Angry\Angry_22.wav,2,24,1
Female\Speaker_24\Angry\Angry_23.wav,2,24,1
Female\Speaker_24\Angry\Angry_24.wav,2,24,1
Female\Speaker_24\Angry\Angry_25.wav,2,24,1
Female\Speaker_24\Happy\Happy_01.wav,0,24,1
Female\Speaker_24\Happy\Happy_02.wav,0,24,1
Female\Speaker_24\Happy\Happy_03.wav,0,24,1
Female\Speaker_24\Happy\Happy_04.wav,0,24,1
Female\Speaker_24\Happy\Happy_05.wav,0,24,1
Female\Speaker_24\Happy\Happy_06.wav,0,24,1
Female\Speaker_24\Happy\Happy_07.wav,0,24,1
Female\Speaker_24\Happy\Happy_08.wav,0,24,1
Female\Speaker_24\Happy\Happy_09.wav,0,24,1
Female\Speaker_24\Happy\Happy_10.wav,0,24,1
Female\Speaker_24\Happy\Happy_11.wav,0,24,1
Female\Speaker_24\Happy\Happy_12.wav,0,24,1
Female\Speaker_24\Happy\Happy_13.wav,0,24,1
Female\Speaker_24\Happy\Happy_14.wav,0,24,1
Female\Speaker_24\Happy\Happy_15.wav,0,24,1
Female\Speaker_24\Happy\Happy_16.wav,0,24,1
Female\Speaker_24\Happy\Happy_17.wav,0,24,1
Female\Speaker_24\Happy\Happy_18.wav,0,24,1
Female\Speaker_24\Happy\Happy_19.wav,0,24,1
Female\Speaker_24\Happy\Happy_20.wav,0,24,1
Female\Speaker_24\Happy\Happy_21.wav,0,24,1
Female\Speaker_24\Happy\Happy_22.wav,0,24,1
Female\Speaker_24\Happy\Happy_23.wav,0,24,1
Female\Speaker_24\Happy\Happy_24.wav,0,24,1
Female\Speaker_24\Happy\Happy_25.wav,0,24,1
Female\Speaker_24\Neutral\Neutral_01.wav,3,24,1
Female\Speaker_24\Neutral\Neutral_02.wav,3,24,1
Female\Speaker_24\Neutral\Neutral_03.wav,3,24,1
Female\Speaker_24\Neutral\Neutral_04.wav,3,24,1
Female\Speaker_24\Neutral\Neutral_05.wav,3,24,1
Female\Speaker_24\Neutral\Neutral_06.wav,3,24,1
Female\Speaker_24\Neutral\Neutral_07.wav,3,24,1
Female\Speaker_24\Neutral\Neutral_08.wav,3,24,1
Female\Speaker_24\Neutral\Neutral_09.wav,3,24,1
Female\Speaker_24\Neutral\Neutral_10.wav,3,24,1
Female\Speaker_24\Neutral\Neutral_11.wav,3,24,1
Female\Speaker_24\Neutral\Neutral_12.wav,3,24,1
Female\Speaker_24\Neutral\Neutral_13.wav,3,24,1
Female\Speaker_24\Neutral\Neutral_14.wav,3,24,1
Female\Speaker_24\Neutral\Neutral_15.wav,3,24,1
Female\Speaker_24\Neutral\Neutral_16.wav,3,24,1
Female\Speaker_24\Neutral\Neutral_17.wav,3,24,1
Female\Speaker_24\Neutral\Neutral_18.wav,3,24,1
Female\Speaker_24\Neutral\Neutral_19.wav,3,24,1
Female\Speaker_24\Neutral\Neutral_20.wav,3,24,1
Female\Speaker_24\Neutral\Neutral_21.wav,3,24,1
Female\Speaker_24\Neutral\Neutral_22.wav,3,24,1
Female\Speaker_24\Neutral\Neutral_23.wav,3,24,1
Female\Speaker_24\Neutral\Neutral_24.wav,3,24,1
Female\Speaker_24\Neutral\Neutral_25.wav,3,24,1
Female\Speaker_24\Sad\Sad_01.wav,1,24,1
Female\Speaker_24\Sad\Sad_02.wav,1,24,1
Female\Speaker_24\Sad\Sad_03.wav,1,24,1
Female\Speaker_24\Sad\Sad_04.wav,1,24,1
Female\Speaker_24\Sad\Sad_05.wav,1,24,1
Female\Speaker_24\Sad\Sad_06.wav,1,24,1
Female\Speaker_24\Sad\Sad_07.wav,1,24,1
Female\Speaker_24\Sad\Sad_08.wav,1,24,1
Female\Speaker_24\Sad\Sad_09.wav,1,24,1
Female\Speaker_24\Sad\Sad_10.wav,1,24,1
Female\Speaker_24\Sad\Sad_11.wav,1,24,1
Female\Speaker_24\Sad\Sad_12.wav,1,24,1
Female\Speaker_24\Sad\Sad_13.wav,1,24,1
Female\Speaker_24\Sad\Sad_14.wav,1,24,1
Female\Speaker_24\Sad\Sad_15.wav,1,24,1
Female\Speaker_24\Sad\Sad_16.wav,1,24,1
Female\Speaker_24\Sad\Sad_17.wav,1,24,1
Female\Speaker_24\Sad\Sad_18.wav,1,24,1
Female\Speaker_24\Sad\Sad_19.wav,1,24,1
Female\Speaker_24\Sad\Sad_20.wav,1,24,1
Female\Speaker_24\Sad\Sad_21.wav,1,24,1
Female\Speaker_24\Sad\Sad_22.wav,1,24,1
Female\Speaker_24\Sad\Sad_23.wav,1,24,1
Female\Speaker_24\Sad\Sad_24.wav,1,24,1
Female\Speaker_24\Sad\Sad_25.wav,1,24,1
Female\Speaker_25\Angry\Angry_01.wav,2,25,1
Female\Speaker_25\Angry\Angry_02.wav,2,25,1
Female\Speaker_25\Angry\Angry_03.wav,2,25,1
Female\Speaker_25\Angry\Angry_04.wav,2,25,1
Female\Speaker_25\Angry\Angry_05.wav,2,25,1
Female\Speaker_25\Angry\Angry_06.wav,2,25,1
Female\Speaker_25\Angry\Angry_07.wav,2,25,1
Female\Speaker_25\Angry\Angry_08.wav,2,25,1
Female\Speaker_25\Angry\Angry_09.wav,2,25,1
Female\Speaker_25\Angry\Angry_10.wav,2,25,1
Female\Speaker_25\Angry\Angry_11.wav,2,25,1
Female\Speaker_25\Angry\Angry_12.wav,2,25,1
Female\Speaker_25\Angry\Angry_13.wav,2,25,1
Female\Speaker_25\Angry\Angry_14.wav,2,25,1
Female\Speaker_25\Angry\Angry_15.wav,2,25,1
Female\Speaker_25\Happy\Happy_01.wav,0,25,1
Female\Speaker_25\Happy\Happy_02.wav,0,25,1
Female\Speaker_25\Happy\Happy_03.wav,0,25,1
Female\Speaker_25\Happy\Happy_04.wav,0,25,1
Female\Speaker_25\Happy\Happy_05.wav,0,25,1
Female\Speaker_25\Happy\Happy_06.wav,0,25,1
Female\Speaker_25\Happy\Happy_07.wav,0,25,1
Female\Speaker_25\Happy\Happy_08.wav,0,25,1
Female\Speaker_25\Happy\Happy_09.wav,0,25,1
Female\Speaker_25\Happy\Happy_10.wav,0,25,1
Female\Speaker_25\Happy\Happy_11.wav,0,25,1
Female\Speaker_25\Happy\Happy_12.wav,0,25,1
Female\Speaker_25\Happy\Happy_13.wav,0,25,1
Female\Speaker_25\Happy\Happy_14.wav,0,25,1
Female\Speaker_25\Happy\Happy_15.wav,0,25,1
Female\Speaker_25\Neutral\Neutral_01.wav,3,25,1
Female\Speaker_25\Neutral\Neutral_02.wav,3,25,1
Female\Speaker_25\Neutral\Neutral_03.wav,3,25,1
Female\Speaker_25\Neutral\Neutral_04.wav,3,25,1
Female\Speaker_25\Neutral\Neutral_05.wav,3,25,1
Female\Speaker_25\Neutral\Neutral_06.wav,3,25,1
Female\Speaker_25\Neutral\Neutral_07.wav,3,25,1
Female\Speaker_25\Neutral\Neutral_08.wav,3,25,1
Female\Speaker_25\Neutral\Neutral_09.wav,3,25,1
Female\Speaker_25\Neutral\Neutral_10.wav,3,25,1
Female\Speaker_25\Neutral\Neutral_11.wav,3,25,1
Female\Speaker_25\Neutral\Neutral_12.wav,3,25,1
Female\Speaker_25\Neutral\Neutral_13.wav,3,25,1
Female\Speaker_25\Neutral\Neutral_14.wav,3,25,1
Female\Speaker_25\Neutral\Neutral_15.wav,3,25,1
Female\Speaker_25\Sad\Sad_01.wav,1,25,1
Female\Speaker_25\Sad\Sad_02.wav,1,25,1
Female\Speaker_25\Sad\Sad_03.wav,1,25,1
Female\Speaker_25\Sad\Sad_04.wav,1,25,1
Female\Speaker_25\Sad\Sad_05.wav,1,25,1
Female\Speaker_25\Sad\Sad_06.wav,1,25,1
Female\Speaker_25\Sad\Sad_07.wav,1,25,1
Female\Speaker_25\Sad\Sad_08.wav,1,25,1
Female\Speaker_25\Sad\Sad_09.wav,1,25,1
Female\Speaker_25\Sad\Sad_10.wav,1,25,1
Female\Speaker_25\Sad\Sad_11.wav,1,25,1
Female\Speaker_25\Sad\Sad_12.wav,1,25,1
Female\Speaker_25\Sad\Sad_13.wav,1,25,1
Female\Speaker_25\Sad\Sad_14.wav,1,25,1
Female\Speaker_25\Sad\Sad_15.wav,1,25,1
Female\Speaker_26\Angry\Angry_01.wav,2,26,1
Female\Speaker_26\Angry\Angry_02.wav,2,26,1
Female\Speaker_26\Angry\Angry_03.wav,2,26,1
Female\Speaker_26\Angry\Angry_04.wav,2,26,1
Female\Speaker_26\Angry\Angry_05.wav,2,26,1
Female\Speaker_26\Angry\Angry_06.wav,2,26,1
Female\Speaker_26\Angry\Angry_07.wav,2,26,1
Female\Speaker_26\Angry\Angry_08.wav,2,26,1
Female\Speaker_26\Angry\Angry_09.wav,2,26,1
Female\Speaker_26\Angry\Angry_10.wav,2,26,1
Female\Speaker_26\Angry\Angry_11.wav,2,26,1
Female\Speaker_26\Angry\Angry_12.wav,2,26,1
Female\Speaker_26\Angry\Angry_13.wav,2,26,1
Female\Speaker_26\Angry\Angry_14.wav,2,26,1
Female\Speaker_26\Angry\Angry_15.wav,2,26,1
Female\Speaker_26\Angry\Angry_16.wav,2,26,1
Female\Speaker_26\Angry\Angry_17.wav,2,26,1
Female\Speaker_26\Angry\Angry_18.wav,2,26,1
Female\Speaker_26\Angry\Angry_19.wav,2,26,1
Female\Speaker_26\Angry\Angry_20.wav,2,26,1
Female\Speaker_26\Angry\Angry_21.wav,2,26,1
Female\Speaker_26\Angry\Angry_22.wav,2,26,1
Female\Speaker_26\Angry\Angry_23.wav,2,26,1
Female\Speaker_26\Angry\Angry_24.wav,2,26,1
Female\Speaker_26\Angry\Angry_25.wav,2,26,1
Female\Speaker_26\Happy\Happy_01.wav,0,26,1
Female\Speaker_26\Happy\Happy_02.wav,0,26,1
Female\Speaker_26\Happy\Happy_03.wav,0,26,1
Female\Speaker_26\Happy\Happy_04.wav,0,26,1
Female\Speaker_26\Happy\Happy_05.wav,0,26,1
Female\Speaker_26\Happy\Happy_06.wav,0,26,1
Female\Speaker_26\Happy\Happy_07.wav,0,26,1
Female\Speaker_26\Happy\Happy_08.wav,0,26,1
Female\Speaker_26\Happy\Happy_09.wav,0,26,1
Female\Speaker_26\Happy\Happy_10.wav,0,26,1
Female\Speaker_26\Happy\Happy_11.wav,0,26,1
Female\Speaker_26\Happy\Happy_12.wav,0,26,1
Female\Speaker_26\Happy\Happy_13.wav,0,26,1
Female\Speaker_26\Happy\Happy_14.wav,0,26,1
Female\Speaker_26\Happy\Happy_15.wav,0,26,1
Female\Speaker_26\Happy\Happy_16.wav,0,26,1
Female\Speaker_26\Happy\Happy_17.wav,0,26,1
Female\Speaker_26\Happy\Happy_18.wav,0,26,1
Female\Speaker_26\Happy\Happy_19.wav,0,26,1
Female\Speaker_26\Happy\Happy_20.wav,0,26,1
Female\Speaker_26\Happy\Happy_21.wav,0,26,1
Female\Speaker_26\Happy\Happy_22.wav,0,26,1
Female\Speaker_26\Happy\Happy_23.wav,0,26,1
Female\Speaker_26\Happy\Happy_24.wav,0,26,1
Female\Speaker_26\Happy\Happy_25.wav,0,26,1
Female\Speaker_26\Neutral\Neutral_01.wav,3,26,1
Female\Speaker_26\Neutral\Neutral_02.wav,3,26,1
Female\Speaker_26\Neutral\Neutral_03.wav,3,26,1
Female\Speaker_26\Neutral\Neutral_04.wav,3,26,1
Female\Speaker_26\Neutral\Neutral_05.wav,3,26,1
Female\Speaker_26\Neutral\Neutral_06.wav,3,26,1
Female\Speaker_26\Neutral\Neutral_07.wav,3,26,1
Female\Speaker_26\Neutral\Neutral_08.wav,3,26,1
Female\Speaker_26\Neutral\Neutral_09.wav,3,26,1
Female\Speaker_26\Neutral\Neutral_10.wav,3,26,1
Female\Speaker_26\Neutral\Neutral_11.wav,3,26,1
Female\Speaker_26\Neutral\Neutral_12.wav,3,26,1
Female\Speaker_26\Neutral\Neutral_13.wav,3,26,1
Female\Speaker_26\Neutral\Neutral_14.wav,3,26,1
Female\Speaker_26\Neutral\Neutral_15.wav,3,26,1
Female\Speaker_26\Neutral\Neutral_16.wav,3,26,1
Female\Speaker_26\Neutral\Neutral_17.wav,3,26,1
Female\Speaker_26\Neutral\Neutral_18.wav,3,26,1
Female\Speaker_26\Neutral\Neutral_19.wav,3,26,1
Female\Speaker_26\Neutral\Neutral_20.wav,3,26,1
Female\Speaker_26\Neutral\Neutral_21.wav,3,26,1
Female\Speaker_26\Neutral\Neutral_22.wav,3,26,1
Female\Speaker_26\Neutral\Neutral_23.wav,3,26,1
Female\Speaker_26\Neutral\Neutral_24.wav,3,26,1
Female\Speaker_26\Neutral\Neutral_25.wav,3,26,1
Female\Speaker_26\Sad\Sad_01.wav,1,26,1
Female\Speaker_26\Sad\Sad_02.wav,1,26,1
Female\Speaker_26\Sad\Sad_03.wav,1,26,1
Female\Speaker_26\Sad\Sad_04.wav,1,26,1
Female\Speaker_26\Sad\Sad_05.wav,1,26,1
Female\Speaker_26\Sad\Sad_06.wav,1,26,1
Female\Speaker_26\Sad\Sad_07.wav,1,26,1
Female\Speaker_26\Sad\Sad_08.wav,1,26,1
Female\Speaker_26\Sad\Sad_09.wav,1,26,1
Female\Speaker_26\Sad\Sad_10.wav,1,26,1
Female\Speaker_26\Sad\Sad_11.wav,1,26,1
Female\Speaker_26\Sad\Sad_12.wav,1,26,1
Female\Speaker_26\Sad\Sad_13.wav,1,26,1
Female\Speaker_26\Sad\Sad_14.wav,1,26,1
Female\Speaker_26\Sad\Sad_15.wav,1,26,1
Female\Speaker_26\Sad\Sad_16.wav,1,26,1
Female\Speaker_26\Sad\Sad_17.wav,1,26,1
Female\Speaker_26\Sad\Sad_18.wav,1,26,1
Female\Speaker_26\Sad\Sad_19.wav,1,26,1
Female\Speaker_26\Sad\Sad_20.wav,1,26,1
Female\Speaker_26\Sad\Sad_21.wav,1,26,1
Female\Speaker_26\Sad\Sad_22.wav,1,26,1
Female\Speaker_26\Sad\Sad_23.wav,1,26,1
Female\Speaker_26\Sad\Sad_24.wav,1,26,1
Female\Speaker_26\Sad\Sad_25.wav,1,26,1
Female\Speaker_27\Angry\Angry_01.wav,2,27,1
Female\Speaker_27\Angry\Angry_02.wav,2,27,1
Female\Speaker_27\Angry\Angry_03.wav,2,27,1
Female\Speaker_27\Angry\Angry_04.wav,2,27,1
Female\Speaker_27\Angry\Angry_05.wav,2,27,1
Female\Speaker_27\Angry\Angry_06.wav,2,27,1
Female\Speaker_27\Angry\Angry_07.wav,2,27,1
Female\Speaker_27\Angry\Angry_08.wav,2,27,1
Female\Speaker_27\Angry\Angry_09.wav,2,27,1
Female\Speaker_27\Angry\Angry_10.wav,2,27,1
Female\Speaker_27\Angry\Angry_11.wav,2,27,1
Female\Speaker_27\Angry\Angry_12.wav,2,27,1
Female\Speaker_27\Angry\Angry_13.wav,2,27,1
Female\Speaker_27\Angry\Angry_14.wav,2,27,1
Female\Speaker_27\Angry\Angry_15.wav,2,27,1
Female\Speaker_27\Angry\Angry_16.wav,2,27,1
Female\Speaker_27\Angry\Angry_17.wav,2,27,1
Female\Speaker_27\Angry\Angry_18.wav,2,27,1
Female\Speaker_27\Angry\Angry_19.wav,2,27,1
Female\Speaker_27\Angry\Angry_20.wav,2,27,1
Female\Speaker_27\Angry\Angry_21.wav,2,27,1
Female\Speaker_27\Angry\Angry_22.wav,2,27,1
Female\Speaker_27\Angry\Angry_23.wav,2,27,1
Female\Speaker_27\Angry\Angry_24.wav,2,27,1
Female\Speaker_27\Angry\Angry_25.wav,2,27,1
Female\Speaker_27\Happy\Happy_01.wav,0,27,1
Female\Speaker_27\Happy\Happy_02.wav,0,27,1
Female\Speaker_27\Happy\Happy_03.wav,0,27,1
Female\Speaker_27\Happy\Happy_04.wav,0,27,1
Female\Speaker_27\Happy\Happy_05.wav,0,27,1
Female\Speaker_27\Happy\Happy_06.wav,0,27,1
Female\Speaker_27\Happy\Happy_07.wav,0,27,1
Female\Speaker_27\Happy\Happy_08.wav,0,27,1
Female\Speaker_27\Happy\Happy_09.wav,0,27,1
Female\Speaker_27\Happy\Happy_10.wav,0,27,1
Female\Speaker_27\Happy\Happy_11.wav,0,27,1
Female\Speaker_27\Happy\Happy_12.wav,0,27,1
Female\Speaker_27\Happy\Happy_13.wav,0,27,1
Female\Speaker_27\Happy\Happy_14.wav,0,27,1
Female\Speaker_27\Happy\Happy_15.wav,0,27,1
Female\Speaker_27\Happy\Happy_16.wav,0,27,1
Female\Speaker_27\Happy\Happy_17.wav,0,27,1
Female\Speaker_27\Happy\Happy_18.wav,0,27,1
Female\Speaker_27\Happy\Happy_19.wav,0,27,1
Female\Speaker_27\Happy\Happy_20.wav,0,27,1
Female\Speaker_27\Happy\Happy_21.wav,0,27,1
Female\Speaker_27\Happy\Happy_22.wav,0,27,1
Female\Speaker_27\Happy\Happy_23.wav,0,27,1
Female\Speaker_27\Happy\Happy_24.wav,0,27,1
Female\Speaker_27\Happy\Happy_25.wav,0,27,1
Female\Speaker_27\Happy\Happy_26.wav,0,27,1
Female\Speaker_27\Neutral\Neutral_01.wav,3,27,1
Female\Speaker_27\Neutral\Neutral_02.wav,3,27,1
Female\Speaker_27\Neutral\Neutral_03.wav,3,27,1
Female\Speaker_27\Neutral\Neutral_04.wav,3,27,1
Female\Speaker_27\Neutral\Neutral_05.wav,3,27,1
Female\Speaker_27\Neutral\Neutral_06.wav,3,27,1
Female\Speaker_27\Neutral\Neutral_07.wav,3,27,1
Female\Speaker_27\Neutral\Neutral_08.wav,3,27,1
Female\Speaker_27\Neutral\Neutral_09.wav,3,27,1
Female\Speaker_27\Neutral\Neutral_10.wav,3,27,1
Female\Speaker_27\Neutral\Neutral_11.wav,3,27,1
Female\Speaker_27\Neutral\Neutral_12.wav,3,27,1
Female\Speaker_27\Neutral\Neutral_13.wav,3,27,1
Female\Speaker_27\Neutral\Neutral_14.wav,3,27,1
Female\Speaker_27\Neutral\Neutral_15.wav,3,27,1
Female\Speaker_27\Neutral\Neutral_16.wav,3,27,1
Female\Speaker_27\Neutral\Neutral_17.wav,3,27,1
Female\Speaker_27\Neutral\Neutral_18.wav,3,27,1
Female\Speaker_27\Neutral\Neutral_19.wav,3,27,1
Female\Speaker_27\Neutral\Neutral_20.wav,3,27,1
Female\Speaker_27\Neutral\Neutral_21.wav,3,27,1
Female\Speaker_27\Neutral\Neutral_22.wav,3,27,1
Female\Speaker_27\Neutral\Neutral_23.wav,3,27,1
Female\Speaker_27\Neutral\Neutral_24.wav,3,27,1
Female\Speaker_27\Neutral\Neutral_25.wav,3,27,1
Female\Speaker_27\Sad\Sad_01.wav,1,27,1
Female\Speaker_27\Sad\Sad_02.wav,1,27,1
Female\Speaker_27\Sad\Sad_03.wav,1,27,1
Female\Speaker_27\Sad\Sad_04.wav,1,27,1
Female\Speaker_27\Sad\Sad_05.wav,1,27,1
Female\Speaker_27\Sad\Sad_06.wav,1,27,1
Female\Speaker_27\Sad\Sad_07.wav,1,27,1
Female\Speaker_27\Sad\Sad_08.wav,1,27,1
Female\Speaker_27\Sad\Sad_09.wav,1,27,1
Female\Speaker_27\Sad\Sad_10.wav,1,27,1
Female\Speaker_27\Sad\Sad_11.wav,1,27,1
Female\Speaker_27\Sad\Sad_12.wav,1,27,1
Female\Speaker_27\Sad\Sad_13.wav,1,27,1
Female\Speaker_27\Sad\Sad_14.wav,1,27,1
Female\Speaker_27\Sad\Sad_15.wav,1,27,1
Female\Speaker_27\Sad\Sad_16.wav,1,27,1
Female\Speaker_27\Sad\Sad_17.wav,1,27,1
Female\Speaker_27\Sad\Sad_18.wav,1,27,1
Female\Speaker_27\Sad\Sad_19.wav,1,27,1
Female\Speaker_27\Sad\Sad_20.wav,1,27,1
Female\Speaker_27\Sad\Sad_21.wav,1,27,1
Female\Speaker_27\Sad\Sad_22.wav,1,27,1
Female\Speaker_27\Sad\Sad_23.wav,1,27,1
Female\Speaker_27\Sad\Sad_24.wav,1,27,1
Female\Speaker_27\Sad\Sad_25.wav,1,27,1
Female\Speaker_27\Sad\Sad_26.wav,1,27,1
Female\Speaker_27\Sad\Sad_27.wav,1,27,1
Female\Speaker_27\Sad\Sad_28.wav,1,27,1
Female\Speaker_27\Sad\Sad_29.wav,1,27,1
Female\Speaker_28\Angry\Angry_01.wav,2,28,1
Female\Speaker_28\Angry\Angry_02.wav,2,28,1
Female\Speaker_28\Angry\Angry_03.wav,2,28,1
Female\Speaker_28\Angry\Angry_04.wav,2,28,1
Female\Speaker_28\Angry\Angry_05.wav,2,28,1
Female\Speaker_28\Angry\Angry_06.wav,2,28,1
Female\Speaker_28\Angry\Angry_07.wav,2,28,1
Female\Speaker_28\Angry\Angry_08.wav,2,28,1
Female\Speaker_28\Angry\Angry_09.wav,2,28,1
Female\Speaker_28\Angry\Angry_10.wav,2,28,1
Female\Speaker_28\Angry\Angry_11.wav,2,28,1
Female\Speaker_28\Angry\Angry_12.wav,2,28,1
Female\Speaker_28\Angry\Angry_13.wav,2,28,1
Female\Speaker_28\Angry\Angry_14.wav,2,28,1
Female\Speaker_28\Angry\Angry_15.wav,2,28,1
Female\Speaker_28\Angry\Angry_16.wav,2,28,1
Female\Speaker_28\Angry\Angry_17.wav,2,28,1
Female\Speaker_28\Angry\Angry_18.wav,2,28,1
Female\Speaker_28\Angry\Angry_19.wav,2,28,1
Female\Speaker_28\Angry\Angry_20.wav,2,28,1
Female\Speaker_28\Angry\Angry_21.wav,2,28,1
Female\Speaker_28\Angry\Angry_22.wav,2,28,1
Female\Speaker_28\Angry\Angry_23.wav,2,28,1
Female\Speaker_28\Angry\Angry_24.wav,2,28,1
Female\Speaker_28\Angry\Angry_25.wav,2,28,1
Female\Speaker_28\Happy\Happy_01.wav,0,28,1
Female\Speaker_28\Happy\Happy_02.wav,0,28,1
Female\Speaker_28\Happy\Happy_03.wav,0,28,1
Female\Speaker_28\Happy\Happy_04.wav,0,28,1
Female\Speaker_28\Happy\Happy_05.wav,0,28,1
Female\Speaker_28\Happy\Happy_06.wav,0,28,1
Female\Speaker_28\Happy\Happy_07.wav,0,28,1
Female\Speaker_28\Happy\Happy_08.wav,0,28,1
Female\Speaker_28\Happy\Happy_09.wav,0,28,1
Female\Speaker_28\Happy\Happy_10.wav,0,28,1
Female\Speaker_28\Happy\Happy_11.wav,0,28,1
Female\Speaker_28\Happy\Happy_12.wav,0,28,1
Female\Speaker_28\Happy\Happy_13.wav,0,28,1
Female\Speaker_28\Happy\Happy_14.wav,0,28,1
Female\Speaker_28\Happy\Happy_15.wav,0,28,1
Female\Speaker_28\Happy\Happy_16.wav,0,28,1
Female\Speaker_28\Happy\Happy_17.wav,0,28,1
Female\Speaker_28\Happy\Happy_18.wav,0,28,1
Female\Speaker_28\Happy\Happy_19.wav,0,28,1
Female\Speaker_28\Happy\Happy_20.wav,0,28,1
Female\Speaker_28\Happy\Happy_21.wav,0,28,1
Female\Speaker_28\Happy\Happy_22.wav,0,28,1
Female\Speaker_28\Happy\Happy_23.wav,0,28,1
Female\Speaker_28\Happy\Happy_24.wav,0,28,1
Female\Speaker_28\Happy\Happy_25.wav,0,28,1
Female\Speaker_28\Neutral\Neutral_01.wav,3,28,1
Female\Speaker_28\Neutral\Neutral_02.wav,3,28,1
Female\Speaker_28\Neutral\Neutral_03.wav,3,28,1
Female\Speaker_28\Neutral\Neutral_04.wav,3,28,1
Female\Speaker_28\Neutral\Neutral_05.wav,3,28,1
Female\Speaker_28\Neutral\Neutral_06.wav,3,28,1
Female\Speaker_28\Neutral\Neutral_07.wav,3,28,1
Female\Speaker_28\Neutral\Neutral_08.wav,3,28,1
Female\Speaker_28\Neutral\Neutral_09.wav,3,28,1
Female\Speaker_28\Neutral\Neutral_10.wav,3,28,1
Female\Speaker_28\Neutral\Neutral_11.wav,3,28,1
Female\Speaker_28\Neutral\Neutral_12.wav,3,28,1
Female\Speaker_28\Neutral\Neutral_13.wav,3,28,1
Female\Speaker_28\Neutral\Neutral_14.wav,3,28,1
Female\Speaker_28\Neutral\Neutral_15.wav,3,28,1
Female\Speaker_28\Neutral\Neutral_16.wav,3,28,1
Female\Speaker_28\Neutral\Neutral_17.wav,3,28,1
Female\Speaker_28\Neutral\Neutral_18.wav,3,28,1
Female\Speaker_28\Neutral\Neutral_19.wav,3,28,1
Female\Speaker_28\Neutral\Neutral_20.wav,3,28,1
Female\Speaker_28\Neutral\Neutral_21.wav,3,28,1
Female\Speaker_28\Neutral\Neutral_22.wav,3,28,1
Female\Speaker_28\Neutral\Neutral_23.wav,3,28,1
Female\Speaker_28\Neutral\Neutral_24.wav,3,28,1
Female\Speaker_28\Neutral\Neutral_25.wav,3,28,1
Female\Speaker_28\Sad\Sad_01.wav,1,28,1
Female\Speaker_28\Sad\Sad_02.wav,1,28,1
Female\Speaker_28\Sad\Sad_03.wav,1,28,1
Female\Speaker_28\Sad\Sad_04.wav,1,28,1
Female\Speaker_28\Sad\Sad_05.wav,1,28,1
Female\Speaker_28\Sad\Sad_06.wav,1,28,1
Female\Speaker_28\Sad\Sad_07.wav,1,28,1
Female\Speaker_28\Sad\Sad_08.wav,1,28,1
Female\Speaker_28\Sad\Sad_09.wav,1,28,1
Female\Speaker_28\Sad\Sad_10.wav,1,28,1
Female\Speaker_28\Sad\Sad_11.wav,1,28,1
Female\Speaker_28\Sad\Sad_12.wav,1,28,1
Female\Speaker_28\Sad\Sad_13.wav,1,28,1
Female\Speaker_28\Sad\Sad_14.wav,1,28,1
Female\Speaker_28\Sad\Sad_15.wav,1,28,1
Female\Speaker_28\Sad\Sad_16.wav,1,28,1
Female\Speaker_28\Sad\Sad_17.wav,1,28,1
Female\Speaker_28\Sad\Sad_18.wav,1,28,1
Female\Speaker_28\Sad\Sad_19.wav,1,28,1
Female\Speaker_28\Sad\Sad_20.wav,1,28,1
Female\Speaker_28\Sad\Sad_21.wav,1,28,1
Female\Speaker_28\Sad\Sad_22.wav,1,28,1
Female\Speaker_28\Sad\Sad_23.wav,1,28,1
Female\Speaker_28\Sad\Sad_24.wav,1,28,1
Female\Speaker_28\Sad\Sad_25.wav,1,28,1
Female\Speaker_29\Angry\Angry_01.wav,2,29,1
Female\Speaker_29\Angry\Angry_02.wav,2,29,1
Female\Speaker_29\Angry\Angry_03.wav,2,29,1
Female\Speaker_29\Angry\Angry_04.wav,2,29,1
Female\Speaker_29\Angry\Angry_05.wav,2,29,1
Female\Speaker_29\Angry\Angry_06.wav,2,29,1
Female\Speaker_29\Angry\Angry_07.wav,2,29,1
Female\Speaker_29\Angry\Angry_08.wav,2,29,1
Female\Speaker_29\Angry\Angry_09.wav,2,29,1
Female\Speaker_29\Angry\Angry_10.wav,2,29,1
Female\Speaker_29\Angry\Angry_11.wav,2,29,1
Female\Speaker_29\Angry\Angry_12.wav,2,29,1
Female\Speaker_29\Angry\Angry_13.wav,2,29,1
Female\Speaker_29\Angry\Angry_14.wav,2,29,1
Female\Speaker_29\Angry\Angry_15.wav,2,29,1
Female\Speaker_29\Angry\Angry_16.wav,2,29,1
Female\Speaker_29\Angry\Angry_17.wav,2,29,1
Female\Speaker_29\Angry\Angry_18.wav,2,29,1
Female\Speaker_29\Angry\Angry_19.wav,2,29,1
Female\Speaker_29\Angry\Angry_20.wav,2,29,1
Female\Speaker_29\Angry\Angry_21.wav,2,29,1
Female\Speaker_29\Angry\Angry_22.wav,2,29,1
Female\Speaker_29\Angry\Angry_23.wav,2,29,1
Female\Speaker_29\Angry\Angry_24.wav,2,29,1
Female\Speaker_29\Angry\Angry_25.wav,2,29,1
Female\Speaker_29\Happy\Happy_01.wav,0,29,1
Female\Speaker_29\Happy\Happy_02.wav,0,29,1
Female\Speaker_29\Happy\Happy_03.wav,0,29,1
Female\Speaker_29\Happy\Happy_04.wav,0,29,1
Female\Speaker_29\Happy\Happy_05.wav,0,29,1
Female\Speaker_29\Happy\Happy_06.wav,0,29,1
Female\Speaker_29\Happy\Happy_07.wav,0,29,1
Female\Speaker_29\Happy\Happy_08.wav,0,29,1
Female\Speaker_29\Happy\Happy_09.wav,0,29,1
Female\Speaker_29\Happy\Happy_10.wav,0,29,1
Female\Speaker_29\Happy\Happy_11.wav,0,29,1
Female\Speaker_29\Happy\Happy_12.wav,0,29,1
Female\Speaker_29\Happy\Happy_13.wav,0,29,1
Female\Speaker_29\Happy\Happy_14.wav,0,29,1
Female\Speaker_29\Happy\Happy_15.wav,0,29,1
Female\Speaker_29\Happy\Happy_16.wav,0,29,1
Female\Speaker_29\Happy\Happy_17.wav,0,29,1
Female\Speaker_29\Happy\Happy_18.wav,0,29,1
Female\Speaker_29\Happy\Happy_19.wav,0,29,1
Female\Speaker_29\Happy\Happy_20.wav,0,29,1
Female\Speaker_29\Happy\Happy_21.wav,0,29,1
Female\Speaker_29\Happy\Happy_22.wav,0,29,1
Female\Speaker_29\Happy\Happy_23.wav,0,29,1
Female\Speaker_29\Happy\Happy_24.wav,0,29,1
Female\Speaker_29\Happy\Happy_25.wav,0,29,1
Female\Speaker_29\Neutral\Neutral_01.wav,3,29,1
Female\Speaker_29\Neutral\Neutral_02.wav,3,29,1
Female\Speaker_29\Neutral\Neutral_03.wav,3,29,1
Female\Speaker_29\Neutral\Neutral_04.wav,3,29,1
Female\Speaker_29\Neutral\Neutral_05.wav,3,29,1
Female\Speaker_29\Neutral\Neutral_06.wav,3,29,1
Female\Speaker_29\Neutral\Neutral_07.wav,3,29,1
Female\Speaker_29\Neutral\Neutral_08.wav,3,29,1
Female\Speaker_29\Neutral\Neutral_09.wav,3,29,1
Female\Speaker_29\Neutral\Neutral_10.wav,3,29,1
Female\Speaker_29\Neutral\Neutral_11.wav,3,29,1
Female\Speaker_29\Neutral\Neutral_12.wav,3,29,1
Female\Speaker_29\Neutral\Neutral_13.wav,3,29,1
Female\Speaker_29\Neutral\Neutral_14.wav,3,29,1
Female\Speaker_29\Neutral\Neutral_15.wav,3,29,1
Female\Speaker_29\Neutral\Neutral_16.wav,3,29,1
Female\Speaker_29\Neutral\Neutral_17.wav,3,29,1
Female\Speaker_29\Neutral\Neutral_18.wav,3,29,1
Female\Speaker_29\Neutral\Neutral_19.wav,3,29,1
Female\Speaker_29\Neutral\Neutral_20.wav,3,29,1
Female\Speaker_29\Neutral\Neutral_21.wav,3,29,1
Female\Speaker_29\Neutral\Neutral_22.wav,3,29,1
Female\Speaker_29\Neutral\Neutral_23.wav,3,29,1
Female\Speaker_29\Neutral\Neutral_24.wav,3,29,1
Female\Speaker_29\Neutral\Neutral_25.wav,3,29,1
Female\Speaker_29\Sad\Sad_01.wav,1,29,1
Female\Speaker_29\Sad\Sad_02.wav,1,29,1
Female\Speaker_29\Sad\Sad_03.wav,1,29,1
Female\Speaker_29\Sad\Sad_04.wav,1,29,1
Female\Speaker_29\Sad\Sad_05.wav,1,29,1
Female\Speaker_29\Sad\Sad_06.wav,1,29,1
Female\Speaker_29\Sad\Sad_07.wav,1,29,1
Female\Speaker_29\Sad\Sad_08.wav,1,29,1
Female\Speaker_29\Sad\Sad_09.wav,1,29,1
Female\Speaker_29\Sad\Sad_10.wav,1,29,1
Female\Speaker_29\Sad\Sad_11.wav,1,29,1
Female\Speaker_29\Sad\Sad_12.wav,1,29,1
Female\Speaker_29\Sad\Sad_13.wav,1,29,1
Female\Speaker_29\Sad\Sad_14.wav,1,29,1
Female\Speaker_29\Sad\Sad_15.wav,1,29,1
Female\Speaker_29\Sad\Sad_16.wav,1,29,1
Female\Speaker_29\Sad\Sad_17.wav,1,29,1
Female\Speaker_29\Sad\Sad_18.wav,1,29,1
Female\Speaker_29\Sad\Sad_19.wav,1,29,1
Female\Speaker_29\Sad\Sad_20.wav,1,29,1
Female\Speaker_29\Sad\Sad_21.wav,1,29,1
Female\Speaker_29\Sad\Sad_22.wav,1,29,1
Female\Speaker_29\Sad\Sad_23.wav,1,29,1
Female\Speaker_30\Angry\Angry_01.wav,2,30,1
Female\Speaker_30\Angry\Angry_02.wav,2,30,1
Female\Speaker_30\Angry\Angry_03.wav,2,30,1
Female\Speaker_30\Angry\Angry_04.wav,2,30,1
Female\Speaker_30\Angry\Angry_05.wav,2,30,1
Female\Speaker_30\Angry\Angry_06.wav,2,30,1
Female\Speaker_30\Angry\Angry_07.wav,2,30,1
Female\Speaker_30\Angry\Angry_08.wav,2,30,1
Female\Speaker_30\Angry\Angry_09.wav,2,30,1
Female\Speaker_30\Angry\Angry_10.wav,2,30,1
Female\Speaker_30\Angry\Angry_11.wav,2,30,1
Female\Speaker_30\Angry\Angry_12.wav,2,30,1
Female\Speaker_30\Angry\Angry_13.wav,2,30,1
Female\Speaker_30\Angry\Angry_14.wav,2,30,1
Female\Speaker_30\Angry\Angry_15.wav,2,30,1
Female\Speaker_30\Angry\Angry_16.wav,2,30,1
Female\Speaker_30\Angry\Angry_17.wav,2,30,1
Female\Speaker_30\Angry\Angry_18.wav,2,30,1
Female\Speaker_30\Angry\Angry_19.wav,2,30,1
Female\Speaker_30\Angry\Angry_20.wav,2,30,1
Female\Speaker_30\Angry\Angry_21.wav,2,30,1
Female\Speaker_30\Angry\Angry_22.wav,2,30,1
Female\Speaker_30\Angry\Angry_23.wav,2,30,1
Female\Speaker_30\Angry\Angry_24.wav,2,30,1
Female\Speaker_30\Angry\Angry_25.wav,2,30,1
Female\Speaker_30\Happy\Happy_01.wav,0,30,1
Female\Speaker_30\Happy\Happy_02.wav,0,30,1
Female\Speaker_30\Happy\Happy_03.wav,0,30,1
Female\Speaker_30\Happy\Happy_04.wav,0,30,1
Female\Speaker_30\Happy\Happy_05.wav,0,30,1
Female\Speaker_30\Happy\Happy_06.wav,0,30,1
Female\Speaker_30\Happy\Happy_07.wav,0,30,1
Female\Speaker_30\Happy\Happy_08.wav,0,30,1
Female\Speaker_30\Happy\Happy_09.wav,0,30,1
Female\Speaker_30\Happy\Happy_10.wav,0,30,1
Female\Speaker_30\Happy\Happy_11.wav,0,30,1
Female\Speaker_30\Happy\Happy_12.wav,0,30,1
Female\Speaker_30\Happy\Happy_13.wav,0,30,1
Female\Speaker_30\Happy\Happy_14.wav,0,30,1
Female\Speaker_30\Happy\Happy_15.wav,0,30,1
Female\Speaker_30\Happy\Happy_16.wav,0,30,1
Female\Speaker_30\Happy\Happy_17.wav,0,30,1
Female\Speaker_30\Happy\Happy_18.wav,0,30,1
Female\Speaker_30\Happy\Happy_19.wav,0,30,1
Female\Speaker_30\Happy\Happy_20.wav,0,30,1
Female\Speaker_30\Happy\Happy_21.wav,0,30,1
Female\Speaker_30\Happy\Happy_22.wav,0,30,1
Female\Speaker_30\Happy\Happy_23.wav,0,30,1
Female\Speaker_30\Happy\Happy_24.wav,0,30,1
Female\Speaker_30\Neutral\Neutral_01.wav,3,30,1
Female\Speaker_30\Neutral\Neutral_02.wav,3,30,1
Female\Speaker_30\Neutral\Neutral_03.wav,3,30,1
Female\Speaker_30\Neutral\Neutral_04.wav,3,30,1
Female\Speaker_30\Neutral\Neutral_05.wav,3,30,1
Female\Speaker_30\Neutral\Neutral_06.wav,3,30,1
Female\Speaker_30\Neutral\Neutral_07.wav,3,30,1
Female\Speaker_30\Neutral\Neutral_08.wav,3,30,1
Female\Speaker_30\Neutral\Neutral_09.wav,3,30,1
Female\Speaker_30\Neutral\Neutral_10.wav,3,30,1
Female\Speaker_30\Neutral\Neutral_11.wav,3,30,1
Female\Speaker_30\Neutral\Neutral_12.wav,3,30,1
Female\Speaker_30\Neutral\Neutral_13.wav,3,30,1
Female\Speaker_30\Neutral\Neutral_14.wav,3,30,1
Female\Speaker_30\Neutral\Neutral_15.wav,3,30,1
Female\Speaker_30\Neutral\Neutral_16.wav,3,30,1
Female\Speaker_30\Neutral\Neutral_17.wav,3,30,1
Female\Speaker_30\Neutral\Neutral_18.wav,3,30,1
Female\Speaker_30\Neutral\Neutral_19.wav,3,30,1
Female\Speaker_30\Neutral\Neutral_20.wav,3,30,1
Female\Speaker_30\Neutral\Neutral_21.wav,3,30,1
Female\Speaker_30\Neutral\Neutral_22.wav,3,30,1
Female\Speaker_30\Neutral\Neutral_23.wav,3,30,1
Female\Speaker_30\Neutral\Neutral_24.wav,3,30,1
Female\Speaker_30\Neutral\Neutral_25.wav,3,30,1
Female\Speaker_30\Sad\Sad_01.wav,1,30,1
Female\Speaker_30\Sad\Sad_02.wav,1,30,1
Female\Speaker_30\Sad\Sad_03.wav,1,30,1
Female\Speaker_30\Sad\Sad_04.wav,1,30,1
Female\Speaker_30\Sad\Sad_05.wav,1,30,1
Female\Speaker_30\Sad\Sad_06.wav,1,30,1
Female\Speaker_30\Sad\Sad_07.wav,1,30,1
Female\Speaker_30\Sad\Sad_08.wav,1,30,1
Female\Speaker_30\Sad\Sad_09.wav,1,30,1
Female\Speaker_30\Sad\Sad_10.wav,1,30,1
Female\Speaker_30\Sad\Sad_11.wav,1,30,1
Female\Speaker_30\Sad\Sad_12.wav,1,30,1
Female\Speaker_30\Sad\Sad_13.wav,1,30,1
Female\Speaker_30\Sad\Sad_14.wav,1,30,1
Female\Speaker_30\Sad\Sad_15.wav,1,30,1
Female\Speaker_30\Sad\Sad_16.wav,1,30,1
Female\Speaker_30\Sad\Sad_17.wav,1,30,1
Female\Speaker_30\Sad\Sad_18.wav,1,30,1
Female\Speaker_30\Sad\Sad_19.wav,1,30,1
Female\Speaker_30\Sad\Sad_20.wav,1,30,1
Female\Speaker_30\Sad\Sad_21.wav,1,30,1
Female\Speaker_30\Sad\Sad_22.wav,1,30,1
Female\Speaker_30\Sad\Sad_23.wav,1,30,1
Female\Speaker_30\Sad\Sad_24.wav,1,30,1
Female\Speaker_30\Sad\Sad_25.wav,1,30,1
Female\Speaker_31\Happy\Happy_01.wav,0,31,1
Female\Speaker_31\Happy\Happy_02.wav,0,31,1
Female\Speaker_31\Happy\Happy_03.wav,0,31,1
Female\Speaker_31\Happy\Happy_04.wav,0,31,1
Female\Speaker_31\Happy\Happy_05.wav,0,31,1
Female\Speaker_31\Happy\Happy_06.wav,0,31,1
Female\Speaker_31\Happy\Happy_07.wav,0,31,1
Female\Speaker_31\Happy\Happy_08.wav,0,31,1
Female\Speaker_31\Happy\Happy_09.wav,0,31,1
Female\Speaker_31\Happy\Happy_10.wav,0,31,1
Female\Speaker_31\Happy\Happy_11.wav,0,31,1
Female\Speaker_31\Happy\Happy_12.wav,0,31,1
Female\Speaker_31\Happy\Happy_13.wav,0,31,1
Female\Speaker_31\Happy\Happy_14.wav,0,31,1
Female\Speaker_31\Happy\Happy_15.wav,0,31,1
Female\Speaker_31\Happy\Happy_16.wav,0,31,1
Female\Speaker_31\Happy\Happy_17.wav,0,31,1
Female\Speaker_31\Happy\Happy_18.wav,0,31,1
Female\Speaker_31\Happy\Happy_19.wav,0,31,1
Female\Speaker_31\Happy\Happy_20.wav,0,31,1
Female\Speaker_31\Happy\Happy_21.wav,0,31,1
Female\Speaker_31\Happy\Happy_22.wav,0,31,1
Female\Speaker_31\Happy\Happy_23.wav,0,31,1
Female\Speaker_31\Happy\Happy_24.wav,0,31,1
Female\Speaker_31\Happy\Happy_25.wav,0,31,1
Female\Speaker_31\Neutral\Neutral_01.wav,3,31,1
Female\Speaker_31\Neutral\Neutral_02.wav,3,31,1
Female\Speaker_31\Neutral\Neutral_03.wav,3,31,1
Female\Speaker_31\Neutral\Neutral_04.wav,3,31,1
Female\Speaker_31\Neutral\Neutral_05.wav,3,31,1
Female\Speaker_31\Neutral\Neutral_06.wav,3,31,1
Female\Speaker_31\Neutral\Neutral_07.wav,3,31,1
Female\Speaker_31\Neutral\Neutral_08.wav,3,31,1
Female\Speaker_31\Neutral\Neutral_09.wav,3,31,1
Female\Speaker_31\Neutral\Neutral_10.wav,3,31,1
Female\Speaker_31\Neutral\Neutral_11.wav,3,31,1
Female\Speaker_31\Neutral\Neutral_12.wav,3,31,1
Female\Speaker_31\Neutral\Neutral_13.wav,3,31,1
Female\Speaker_31\Neutral\Neutral_14.wav,3,31,1
Female\Speaker_31\Neutral\Neutral_15.wav,3,31,1
Female\Speaker_31\Neutral\Neutral_16.wav,3,31,1
Female\Speaker_31\Neutral\Neutral_17.wav,3,31,1
Female\Speaker_31\Neutral\Neutral_18.wav,3,31,1
Female\Speaker_31\Neutral\Neutral_19.wav,3,31,1
Female\Speaker_31\Neutral\Neutral_20.wav,3,31,1
Female\Speaker_31\Neutral\Neutral_21.wav,3,31,1
Female\Speaker_31\Neutral\Neutral_22.wav,3,31,1
Female\Speaker_31\Neutral\Neutral_23.wav,3,31,1
Female\Speaker_31\Neutral\Neutral_24.wav,3,31,1
Female\Speaker_31\Neutral\Neutral_25.wav,3,31,1
Female\Speaker_31\Sad\Sad_01.wav,1,31,1
Female\Speaker_31\Sad\Sad_02.wav,1,31,1
Female\Speaker_31\Sad\Sad_03.wav,1,31,1
Female\Speaker_31\Sad\Sad_04.wav,1,31,1
Female\Speaker_31\Sad\Sad_05.wav,1,31,1
Female\Speaker_31\Sad\Sad_06.wav,1,31,1
Female\Speaker_31\Sad\Sad_07.wav,1,31,1
Female\Speaker_31\Sad\Sad_08.wav,1,31,1
Female\Speaker_31\Sad\Sad_09.wav,1,31,1
Female\Speaker_31\Sad\Sad_10.wav,1,31,1
Female\Speaker_31\Sad\Sad_11.wav,1,31,1
Female\Speaker_31\Sad\Sad_12.wav,1,31,1
Female\Speaker_31\Sad\Sad_13.wav,1,31,1
Female\Speaker_31\Sad\Sad_14.wav,1,31,1
Female\Speaker_31\Sad\Sad_15.wav,1,31,1
Female\Speaker_31\Sad\Sad_16.wav,1,31,1
Female\Speaker_31\Sad\Sad_17.wav,1,31,1
Female\Speaker_31\Sad\Sad_18.wav,1,31,1
Female\Speaker_31\Sad\Sad_19.wav,1,31,1
Female\Speaker_31\Sad\Sad_20.wav,1,31,1
Female\Speaker_31\Sad\Sad_21.wav,1,31,1
Female\Speaker_31\Sad\Sad_22.wav,1,31,1
Female\Speaker_31\Sad\Sad_23.wav,1,31,1
Female\Speaker_31\Sad\Sad_24.wav,1,31,1
Female\Speaker_31\Sad\Sad_25.wav,1,31,1
Female\Speaker_32\Angry\Angry_01.wav,2,32,1
Female\Speaker_32\Angry\Angry_02.wav,2,32,1
Female\Speaker_32\Angry\Angry_03.wav,2,32,1
Female\Speaker_32\Angry\Angry_04.wav,2,32,1
Female\Speaker_32\Angry\Angry_05.wav,2,32,1
Female\Speaker_32\Angry\Angry_06.wav,2,32,1
Female\Speaker_32\Angry\Angry_07.wav,2,32,1
Female\Speaker_32\Angry\Angry_08.wav,2,32,1
Female\Speaker_32\Angry\Angry_09.wav,2,32,1
Female\Speaker_32\Angry\Angry_10.wav,2,32,1
Female\Speaker_32\Angry\Angry_11.wav,2,32,1
Female\Speaker_32\Angry\Angry_12.wav,2,32,1
Female\Speaker_32\Angry\Angry_13.wav,2,32,1
Female\Speaker_32\Angry\Angry_14.wav,2,32,1
Female\Speaker_32\Angry\Angry_15.wav,2,32,1
Female\Speaker_32\Angry\Angry_16.wav,2,32,1
Female\Speaker_32\Angry\Angry_17.wav,2,32,1
Female\Speaker_32\Angry\Angry_18.wav,2,32,1
Female\Speaker_32\Angry\Angry_19.wav,2,32,1
Female\Speaker_32\Angry\Angry_20.wav,2,32,1
Female\Speaker_32\Angry\Angry_21.wav,2,32,1
Female\Speaker_32\Angry\Angry_22.wav,2,32,1
Female\Speaker_32\Angry\Angry_23.wav,2,32,1
Female\Speaker_32\Happy\Happy_01.wav,0,32,1
Female\Speaker_32\Happy\Happy_02.wav,0,32,1
Female\Speaker_32\Happy\Happy_03.wav,0,32,1
Female\Speaker_32\Happy\Happy_04.wav,0,32,1
Female\Speaker_32\Happy\Happy_05.wav,0,32,1
Female\Speaker_32\Happy\Happy_06.wav,0,32,1
Female\Speaker_32\Happy\Happy_07.wav,0,32,1
Female\Speaker_32\Happy\Happy_08.wav,0,32,1
Female\Speaker_32\Happy\Happy_09.wav,0,32,1
Female\Speaker_32\Happy\Happy_10.wav,0,32,1
Female\Speaker_32\Happy\Happy_11.wav,0,32,1
Female\Speaker_32\Happy\Happy_12.wav,0,32,1
Female\Speaker_32\Happy\Happy_13.wav,0,32,1
Female\Speaker_32\Happy\Happy_14.wav,0,32,1
Female\Speaker_32\Happy\Happy_15.wav,0,32,1
Female\Speaker_32\Happy\Happy_16.wav,0,32,1
Female\Speaker_32\Happy\Happy_17.wav,0,32,1
Female\Speaker_32\Happy\Happy_18.wav,0,32,1
Female\Speaker_32\Happy\Happy_19.wav,0,32,1
Female\Speaker_32\Happy\Happy_20.wav,0,32,1
Female\Speaker_32\Happy\Happy_21.wav,0,32,1
Female\Speaker_32\Happy\Happy_22.wav,0,32,1
Female\Speaker_32\Happy\Happy_23.wav,0,32,1
Female\Speaker_32\Happy\Happy_24.wav,0,32,1
Female\Speaker_32\Happy\Happy_25.wav,0,32,1
Female\Speaker_32\Happy\Happy_26.wav,0,32,1
Female\Speaker_32\Happy\Happy_27.wav,0,32,1
Female\Speaker_32\Happy\Happy_28.wav,0,32,1
Female\Speaker_32\Neutral\Neutral_01.wav,3,32,1
Female\Speaker_32\Neutral\Neutral_02.wav,3,32,1
Female\Speaker_32\Neutral\Neutral_03.wav,3,32,1
Female\Speaker_32\Neutral\Neutral_04.wav,3,32,1
Female\Speaker_32\Neutral\Neutral_05.wav,3,32,1
Female\Speaker_32\Neutral\Neutral_06.wav,3,32,1
Female\Speaker_32\Neutral\Neutral_07.wav,3,32,1
Female\Speaker_32\Neutral\Neutral_08.wav,3,32,1
Female\Speaker_32\Neutral\Neutral_09.wav,3,32,1
Female\Speaker_32\Neutral\Neutral_10.wav,3,32,1
Female\Speaker_32\Neutral\Neutral_11.wav,3,32,1
Female\Speaker_32\Neutral\Neutral_12.wav,3,32,1
Female\Speaker_32\Neutral\Neutral_13.wav,3,32,1
Female\Speaker_32\Neutral\Neutral_14.wav,3,32,1
Female\Speaker_32\Neutral\Neutral_15.wav,3,32,1
Female\Speaker_32\Neutral\Neutral_16.wav,3,32,1
Female\Speaker_32\Neutral\Neutral_17.wav,3,32,1
Female\Speaker_32\Neutral\Neutral_18.wav,3,32,1
Female\Speaker_32\Neutral\Neutral_19.wav,3,32,1
Female\Speaker_32\Neutral\Neutral_20.wav,3,32,1
Female\Speaker_32\Neutral\Neutral_21.wav,3,32,1
Female\Speaker_32\Neutral\Neutral_22.wav,3,32,1
Female\Speaker_32\Neutral\Neutral_23.wav,3,32,1
Female\Speaker_32\Neutral\Neutral_24.wav,3,32,1
Female\Speaker_32\Neutral\Neutral_25.wav,3,32,1
Female\Speaker_32\Sad\Sad_01.wav,1,32,1
Female\Speaker_32\Sad\Sad_02.wav,1,32,1
Female\Speaker_32\Sad\Sad_03.wav,1,32,1
Female\Speaker_32\Sad\Sad_04.wav,1,32,1
Female\Speaker_32\Sad\Sad_05.wav,1,32,1
Female\Speaker_32\Sad\Sad_06.wav,1,32,1
Female\Speaker_32\Sad\Sad_07.wav,1,32,1
Female\Speaker_32\Sad\Sad_08.wav,1,32,1
Female\Speaker_32\Sad\Sad_09.wav,1,32,1
Female\Speaker_32\Sad\Sad_10.wav,1,32,1
Female\Speaker_32\Sad\Sad_11.wav,1,32,1
Female\Speaker_32\Sad\Sad_12.wav,1,32,1
Female\Speaker_32\Sad\Sad_13.wav,1,32,1
Female\Speaker_32\Sad\Sad_14.wav,1,32,1
Female\Speaker_32\Sad\Sad_15.wav,1,32,1
Female\Speaker_32\Sad\Sad_16.wav,1,32,1
Female\Speaker_32\Sad\Sad_17.wav,1,32,1
Female\Speaker_32\Sad\Sad_18.wav,1,32,1
Female\Speaker_32\Sad\Sad_19.wav,1,32,1
Female\Speaker_32\Sad\Sad_20.wav,1,32,1
Female\Speaker_32\Sad\Sad_21.wav,1,32,1
Female\Speaker_32\Sad\Sad_22.wav,1,32,1
Female\Speaker_32\Sad\Sad_23.wav,1,32,1
Female\Speaker_32\Sad\Sad_24.wav,1,32,1
Female\Speaker_32\Sad\Sad_25.wav,1,32,1
Female\Speaker_32\Sad\Sad_26.wav,1,32,1
Female\Speaker_33\Angry\Angry_01.wav,2,33,1
Female\Speaker_33\Angry\Angry_02.wav,2,33,1
Female\Speaker_33\Angry\Angry_03.wav,2,33,1
Female\Speaker_33\Angry\Angry_04.wav,2,33,1
Female\Speaker_33\Angry\Angry_05.wav,2,33,1
Female\Speaker_33\Angry\Angry_06.wav,2,33,1
Female\Speaker_33\Angry\Angry_07.wav,2,33,1
Female\Speaker_33\Angry\Angry_08.wav,2,33,1
Female\Speaker_33\Angry\Angry_09.wav,2,33,1
Female\Speaker_33\Angry\Angry_10.wav,2,33,1
Female\Speaker_33\Angry\Angry_11.wav,2,33,1
Female\Speaker_33\Angry\Angry_12.wav,2,33,1
Female\Speaker_33\Angry\Angry_13.wav,2,33,1
Female\Speaker_33\Angry\Angry_14.wav,2,33,1
Female\Speaker_33\Angry\Angry_15.wav,2,33,1
Female\Speaker_33\Angry\Angry_16.wav,2,33,1
Female\Speaker_33\Angry\Angry_17.wav,2,33,1
Female\Speaker_33\Angry\Angry_18.wav,2,33,1
Female\Speaker_33\Angry\Angry_19.wav,2,33,1
Female\Speaker_33\Angry\Angry_20.wav,2,33,1
Female\Speaker_33\Angry\Angry_21.wav,2,33,1
Female\Speaker_33\Angry\Angry_22.wav,2,33,1
Female\Speaker_33\Angry\Angry_23.wav,2,33,1
Female\Speaker_33\Angry\Angry_24.wav,2,33,1
Female\Speaker_33\Happy\Happy_01.wav,0,33,1
Female\Speaker_33\Happy\Happy_02.wav,0,33,1
Female\Speaker_33\Happy\Happy_03.wav,0,33,1
Female\Speaker_33\Happy\Happy_04.wav,0,33,1
Female\Speaker_33\Happy\Happy_05.wav,0,33,1
Female\Speaker_33\Happy\Happy_06.wav,0,33,1
Female\Speaker_33\Happy\Happy_07.wav,0,33,1
Female\Speaker_33\Happy\Happy_08.wav,0,33,1
Female\Speaker_33\Happy\Happy_09.wav,0,33,1
Female\Speaker_33\Happy\Happy_10.wav,0,33,1
Female\Speaker_33\Happy\Happy_11.wav,0,33,1
Female\Speaker_33\Happy\Happy_12.wav,0,33,1
Female\Speaker_33\Happy\Happy_13.wav,0,33,1
Female\Speaker_33\Happy\Happy_14.wav,0,33,1
Female\Speaker_33\Happy\Happy_15.wav,0,33,1
Female\Speaker_33\Happy\Happy_16.wav,0,33,1
Female\Speaker_33\Happy\Happy_17.wav,0,33,1
Female\Speaker_33\Happy\Happy_18.wav,0,33,1
Female\Speaker_33\Happy\Happy_19.wav,0,33,1
Female\Speaker_33\Happy\Happy_20.wav,0,33,1
Female\Speaker_33\Happy\Happy_21.wav,0,33,1
Female\Speaker_33\Happy\Happy_22.wav,0,33,1
Female\Speaker_33\Happy\Happy_23.wav,0,33,1
Female\Speaker_33\Happy\Happy_24.wav,0,33,1
Female\Speaker_33\Neutral\Neutral_01.wav,3,33,1
Female\Speaker_33\Neutral\Neutral_02.wav,3,33,1
Female\Speaker_33\Neutral\Neutral_03.wav,3,33,1
Female\Speaker_33\Neutral\Neutral_04.wav,3,33,1
Female\Speaker_33\Neutral\Neutral_05.wav,3,33,1
Female\Speaker_33\Neutral\Neutral_06.wav,3,33,1
Female\Speaker_33\Neutral\Neutral_07.wav,3,33,1
Female\Speaker_33\Neutral\Neutral_08.wav,3,33,1
Female\Speaker_33\Neutral\Neutral_09.wav,3,33,1
Female\Speaker_33\Neutral\Neutral_10.wav,3,33,1
Female\Speaker_33\Neutral\Neutral_11.wav,3,33,1
Female\Speaker_33\Neutral\Neutral_12.wav,3,33,1
Female\Speaker_33\Neutral\Neutral_13.wav,3,33,1
Female\Speaker_33\Neutral\Neutral_14.wav,3,33,1
Female\Speaker_33\Neutral\Neutral_15.wav,3,33,1
Female\Speaker_33\Neutral\Neutral_16.wav,3,33,1
Female\Speaker_33\Neutral\Neutral_17.wav,3,33,1
Female\Speaker_33\Neutral\Neutral_18.wav,3,33,1
Female\Speaker_33\Neutral\Neutral_19.wav,3,33,1
Female\Speaker_33\Neutral\Neutral_20.wav,3,33,1
Female\Speaker_33\Neutral\Neutral_21.wav,3,33,1
Female\Speaker_33\Neutral\Neutral_22.wav,3,33,1
Female\Speaker_33\Neutral\Neutral_23.wav,3,33,1
Female\Speaker_33\Neutral\Neutral_24.wav,3,33,1
Female\Speaker_33\Neutral\Neutral_25.wav,3,33,1
Female\Speaker_33\Sad\Sad_01.wav,1,33,1
Female\Speaker_33\Sad\Sad_02.wav,1,33,1
Female\Speaker_33\Sad\Sad_03.wav,1,33,1
Female\Speaker_33\Sad\Sad_04.wav,1,33,1
Female\Speaker_33\Sad\Sad_05.wav,1,33,1
Female\Speaker_33\Sad\Sad_06.wav,1,33,1
Female\Speaker_33\Sad\Sad_07.wav,1,33,1
Female\Speaker_33\Sad\Sad_08.wav,1,33,1
Female\Speaker_33\Sad\Sad_09.wav,1,33,1
Female\Speaker_33\Sad\Sad_10.wav,1,33,1
Female\Speaker_33\Sad\Sad_11.wav,1,33,1
Female\Speaker_33\Sad\Sad_12.wav,1,33,1
Female\Speaker_33\Sad\Sad_13.wav,1,33,1
Female\Speaker_33\Sad\Sad_14.wav,1,33,1
Female\Speaker_33\Sad\Sad_15.wav,1,33,1
Female\Speaker_33\Sad\Sad_16.wav,1,33,1
Female\Speaker_33\Sad\Sad_17.wav,1,33,1
Female\Speaker_33\Sad\Sad_18.wav,1,33,1
Female\Speaker_33\Sad\Sad_19.wav,1,33,1
Female\Speaker_33\Sad\Sad_20.wav,1,33,1
Female\Speaker_33\Sad\Sad_21.wav,1,33,1
Female\Speaker_33\Sad\Sad_22.wav,1,33,1
Female\Speaker_33\Sad\Sad_23.wav,1,33,1
